FIPS,Deaths,Population,Crude Rate
1001,Suppressed,59759,Suppressed
1003,75,246435,30.43
1005,Suppressed,24706,Suppressed
1007,Suppressed,22005,Suppressed
1009,15,59512,Unreliable
1011,Suppressed,10202,Suppressed
1013,Suppressed,18650,Suppressed
1015,56,115788,48.36
1017,Suppressed,34088,Suppressed
1019,Suppressed,25302,Suppressed
1021,14,45884,Unreliable
1023,Suppressed,12439,Suppressed
1025,Suppressed,22515,Suppressed
1027,Suppressed,14198,Suppressed
1029,0,15346,Unreliable
1031,Suppressed,54805,Suppressed
1033,13,58033,Unreliable
1035,Suppressed,11206,Suppressed
1037,Suppressed,10166,Suppressed
1039,11,37602,Unreliable
1041,Suppressed,13025,Suppressed
1043,31,90665,34.19
1045,10,49544,Unreliable
1047,17,36767,Unreliable
1049,19,71998,Unreliable
1051,10,89563,Unreliable
1053,19,36666,Unreliable
1055,31,103088,30.07
1057,Suppressed,16118,Suppressed
1059,11,31932,Unreliable
1061,Suppressed,26783,Suppressed
1063,0,7422,Unreliable
1065,Suppressed,14595,Suppressed
1067,Suppressed,17655,Suppressed
1069,23,108079,21.28
1071,11,52891,Unreliable
1073,381,665409,57.26
1075,Suppressed,13705,Suppressed
1077,31,95878,32.33
1079,Suppressed,33214,Suppressed
1081,21,180773,11.62
1083,10,110900,Unreliable
1085,Suppressed,9777,Suppressed
1087,Suppressed,18516,Suppressed
1089,110,403565,27.26
1091,Suppressed,18745,Suppressed
1093,Suppressed,29156,Suppressed
1095,29,99423,29.17
1097,120,411411,29.17
1099,Suppressed,19404,Suppressed
1101,43,226361,19
1103,42,124211,33.81
1105,Suppressed,8035,Suppressed
1107,Suppressed,18697,Suppressed
1109,Suppressed,33014,Suppressed
1111,Suppressed,22479,Suppressed
1113,15,58555,Unreliable
1115,42,93932,44.71
1117,63,230115,27.38
1119,0,11853,Unreliable
1121,12,80704,Unreliable
1123,Suppressed,40977,Suppressed
1125,44,236780,18.58
1127,45,64339,69.94
1129,Suppressed,15122,Suppressed
1131,Suppressed,10059,Suppressed
1133,Suppressed,23755,Suppressed
2013,Suppressed,3398,Suppressed
2016,0,5122,Unreliable
2020,128,287145,44.58
2050,Suppressed,18257,Suppressed
2060,Suppressed,865,Suppressed
2068,0,1585,Unreliable
2070,Suppressed,4723,Suppressed
2090,23,95356,24.12
2100,Suppressed,2056,Suppressed
2105,Suppressed,2287,Suppressed
2110,14,31685,Unreliable
2122,17,60690,Unreliable
2130,Suppressed,13741,Suppressed
2150,Suppressed,12720,Suppressed
2164,0,1381,Unreliable
2170,29,113325,25.59
2180,Suppressed,9835,Suppressed
2185,Suppressed,10805,Suppressed
2188,Suppressed,7423,Suppressed
2195,0,3360,Unreliable
2198,0,5650,Unreliable
2220,0,8382,Unreliable
2230,Suppressed,1081,Suppressed
2240,Suppressed,7021,Suppressed
2261,Suppressed,9463,Suppressed
2270,Suppressed,8278,Suppressed
2275,Suppressed,2070,Suppressed
2282,0,700,Unreliable
2290,Suppressed,5179,Suppressed
4001,32,65432,48.91
4003,46,125663,36.61
4005,38,144060,26.38
4007,28,53922,51.93
4009,19,38779,Unreliable
4011,Suppressed,9302,Suppressed
4012,15,16506,Unreliable
4013,1671,4551524,36.71
4015,74,220816,33.51
4017,47,108650,43.26
4019,461,1057597,43.59
4021,109,464154,23.48
4023,Suppressed,48759,Suppressed
4025,73,246191,29.65
4027,43,207842,20.69
5001,0,16512,Unreliable
5003,Suppressed,18354,Suppressed
5005,Suppressed,42435,Suppressed
5007,44,302863,14.53
5009,Suppressed,38284,Suppressed
5011,0,10135,Unreliable
5013,Suppressed,4695,Suppressed
5015,Suppressed,28742,Suppressed
5017,Suppressed,9873,Suppressed
5019,Suppressed,21250,Suppressed
5021,Suppressed,14265,Suppressed
5023,Suppressed,25284,Suppressed
5025,Suppressed,7467,Suppressed
5027,Suppressed,22216,Suppressed
5029,Suppressed,21046,Suppressed
5031,17,113017,Unreliable
5033,17,61075,Unreliable
5035,12,47061,Unreliable
5037,Suppressed,16601,Suppressed
5039,0,6191,Unreliable
5041,Suppressed,10771,Suppressed
5043,Suppressed,16911,Suppressed
5045,21,127665,16.45
5047,Suppressed,17271,Suppressed
5049,Suppressed,12382,Suppressed
5051,38,100089,37.97
5053,Suppressed,18160,Suppressed
5055,Suppressed,46448,Suppressed
5057,Suppressed,19453,Suppressed
5059,Suppressed,33203,Suppressed
5061,Suppressed,12557,Suppressed
5063,Suppressed,37945,Suppressed
5065,Suppressed,14048,Suppressed
5067,Suppressed,16624,Suppressed
5069,15,64246,Unreliable
5071,Suppressed,26001,Suppressed
5073,0,6101,Unreliable
5075,0,16205,Unreliable
5077,Suppressed,8364,Suppressed
5079,Suppressed,12916,Suppressed
5081,Suppressed,11821,Suppressed
5083,Suppressed,21253,Suppressed
5085,13,75225,Unreliable
5087,Suppressed,17486,Suppressed
5089,Suppressed,17254,Suppressed
5091,Suppressed,42552,Suppressed
5093,12,38896,Unreliable
5095,Suppressed,6564,Suppressed
5097,0,8556,Unreliable
5099,0,8181,Unreliable
5101,0,7078,Unreliable
5103,Suppressed,22049,Suppressed
5105,Suppressed,10063,Suppressed
5107,Suppressed,15304,Suppressed
5109,Suppressed,10179,Suppressed
5111,Suppressed,22495,Suppressed
5113,Suppressed,19337,Suppressed
5115,Suppressed,64065,Suppressed
5117,Suppressed,8069,Suppressed
5119,138,399145,34.57
5121,Suppressed,18837,Suppressed
5123,Suppressed,22451,Suppressed
5125,24,127357,18.84
5127,0,9805,Unreliable
5129,0,7918,Unreliable
5131,37,129059,28.67
5133,Suppressed,15686,Suppressed
5135,Suppressed,17810,Suppressed
5137,Suppressed,12575,Suppressed
5139,Suppressed,37752,Suppressed
5141,Suppressed,16102,Suppressed
5143,43,256054,16.79
5145,21,77755,27.01
5147,0,6049,Unreliable
5149,Suppressed,20129,Suppressed
6001,331,1628997,20.32
6003,Suppressed,1190,Suppressed
6005,Suppressed,41412,Suppressed
6007,111,207303,53.54
6009,Suppressed,46563,Suppressed
6011,Suppressed,21914,Suppressed
6013,253,1156966,21.87
6015,29,27082,107.08
6017,48,192646,24.92
6019,223,1015190,21.97
6021,11,28339,Unreliable
6023,91,135010,67.4
6025,31,178713,17.35
6027,Suppressed,18718,Suppressed
6029,491,916108,53.6
6031,31,152981,20.26
6033,61,68191,89.45
6035,19,29904,Unreliable
6037,2440,9721138,25.1
6039,30,160256,18.72
6041,63,256018,24.61
6043,Suppressed,17020,Suppressed
6045,65,89783,72.4
6047,71,290014,24.48
6049,Suppressed,8511,Suppressed
6051,Suppressed,12978,Suppressed
6053,90,432858,20.79
6055,35,134300,26.06
6057,34,102293,33.24
6059,809,3151184,25.67
6061,88,417772,21.06
6063,Suppressed,19351,Suppressed
6065,875,2473902,35.37
6067,562,1584169,35.48
6069,16,67579,Unreliable
6071,515,2193656,23.48
6073,997,3276208,30.43
6075,475,808437,58.76
6077,176,793229,22.19
6079,92,282013,32.62
6081,113,729181,15.5
6083,129,443837,29.06
6085,363,1870945,19.4
6087,93,264370,35.18
6089,66,180930,36.48
6091,0,3217,Unreliable
6093,23,43660,52.68
6095,134,448747,29.86
6097,120,482650,24.86
6099,181,551275,32.83
6101,38,98503,38.58
6103,29,65245,44.45
6105,Suppressed,15781,Suppressed
6107,103,477544,21.57
6109,20,54531,36.68
6111,247,832605,29.67
6113,45,222115,20.26
6115,39,84310,46.26
8001,196,527575,37.15
8003,Suppressed,16592,Suppressed
8005,181,655808,27.6
8007,Suppressed,14003,Suppressed
8009,0,3432,Unreliable
8011,Suppressed,5399,Suppressed
8013,63,327468,19.24
8014,13,76121,Unreliable
8015,Suppressed,20223,Suppressed
8017,0,1732,Unreliable
8019,Suppressed,9355,Suppressed
8021,Suppressed,7579,Suppressed
8023,Suppressed,3603,Suppressed
8025,Suppressed,5614,Suppressed
8027,0,5335,Unreliable
8029,Suppressed,31602,Suppressed
8031,299,713252,41.92
8033,0,2455,Unreliable
8035,43,375988,11.44
8037,Suppressed,55285,Suppressed
8039,Suppressed,27799,Suppressed
8041,373,740567,50.37
8043,21,49621,42.32
8045,12,62271,Unreliable
8047,0,5891,Unreliable
8049,11,15769,Unreliable
8051,Suppressed,17267,Suppressed
8053,0,775,Unreliable
8055,Suppressed,7082,Suppressed
8057,0,1302,Unreliable
8059,171,576143,29.68
8061,0,1424,Unreliable
8063,0,6961,Unreliable
8065,Suppressed,7327,Suppressed
8067,19,56607,Unreliable
8069,66,366778,17.99
8071,Suppressed,14327,Suppressed
8073,Suppressed,5510,Suppressed
8075,Suppressed,20823,Suppressed
8077,39,158636,24.58
8079,0,931,Unreliable
8081,Suppressed,13177,Suppressed
8083,Suppressed,26468,Suppressed
8085,17,43811,Unreliable
8087,Suppressed,29239,Suppressed
8089,Suppressed,18303,Suppressed
8091,0,5100,Unreliable
8093,Suppressed,17939,Suppressed
8095,Suppressed,4449,Suppressed
8097,Suppressed,16876,Suppressed
8099,Suppressed,11854,Suppressed
8101,79,169544,46.6
8103,Suppressed,6569,Suppressed
8105,Suppressed,11325,Suppressed
8107,Suppressed,25007,Suppressed
8109,Suppressed,6623,Suppressed
8111,0,803,Unreliable
8113,Suppressed,8003,Suppressed
8115,0,2295,Unreliable
8117,Suppressed,30565,Suppressed
8119,Suppressed,24857,Suppressed
8121,0,4812,Unreliable
8123,75,350176,21.42
8125,0,9899,Unreliable
9001,267,Not Available,Not Available
9003,393,Not Available,Not Available
9005,66,Not Available,Not Available
9007,38,Not Available,Not Available
9009,496,Not Available,Not Available
9011,142,Not Available,Not Available
9013,28,Not Available,Not Available
9015,52,Not Available,Not Available
10001,95,186946,50.82
10003,324,575494,56.3
10005,130,255956,50.79
11001,451,671803,67.13
12001,63,284030,22.18
12003,15,27803,Unreliable
12005,62,185134,33.49
12007,Suppressed,27313,Suppressed
12009,182,630693,28.86
12011,659,1947026,33.85
12013,Suppressed,13464,Suppressed
12015,58,202661,28.62
12017,76,162529,46.76
12019,72,226589,31.78
12021,117,397994,29.4
12023,19,71908,Unreliable
12027,Suppressed,35312,Suppressed
12029,Suppressed,17124,Suppressed
12031,519,1016536,51.06
12033,243,324878,74.8
12035,43,126705,33.94
12037,Suppressed,12498,Suppressed
12039,13,43403,Unreliable
12041,Suppressed,18992,Suppressed
12043,Suppressed,12454,Suppressed
12045,Suppressed,15314,Suppressed
12047,Suppressed,13217,Suppressed
12049,Suppressed,25645,Suppressed
12051,10,41339,Unreliable
12053,99,206896,47.85
12055,31,105618,29.35
12057,570,1513301,37.67
12059,Suppressed,19651,Suppressed
12061,50,167352,29.88
12063,Suppressed,48211,Suppressed
12065,Suppressed,15042,Suppressed
12067,Suppressed,7786,Suppressed
12069,141,410139,34.38
12071,318,822453,38.66
12073,50,297369,16.81
12075,17,45260,Unreliable
12077,Suppressed,7603,Suppressed
12079,Suppressed,18198,Suppressed
12081,155,429125,36.12
12083,209,396415,52.72
12085,38,162006,23.46
12086,378,2673837,14.14
12087,36,81708,44.06
12089,38,97899,38.82
12091,117,216482,54.05
12093,20,40412,49.49
12095,376,1452726,25.88
12097,114,422545,26.98
12099,496,1518477,32.66
12101,334,608794,54.86
12103,540,961739,56.15
12105,236,787404,29.97
12107,24,74731,32.12
12109,63,306841,20.53
12111,107,358704,29.83
12113,70,198268,35.31
12115,129,462286,27.9
12117,138,478772,28.82
12119,37,144970,25.52
12121,16,45411,Unreliable
12123,Suppressed,21283,Suppressed
12125,Suppressed,15460,Suppressed
12127,319,579192,55.08
12129,12,35178,Unreliable
12131,31,83304,37.21
12133,Suppressed,25414,Suppressed
13001,Suppressed,18428,Suppressed
13003,Suppressed,8183,Suppressed
13005,Suppressed,11191,Suppressed
13007,Suppressed,2788,Suppressed
13009,Suppressed,43635,Suppressed
13011,Suppressed,19328,Suppressed
13013,38,89299,42.55
13015,40,112816,35.46
13017,Suppressed,17069,Suppressed
13019,Suppressed,18214,Suppressed
13021,33,156197,21.13
13023,Suppressed,12257,Suppressed
13025,Suppressed,18183,Suppressed
13027,Suppressed,16253,Suppressed
13029,11,48225,Unreliable
13031,Suppressed,83059,Suppressed
13033,Suppressed,24388,Suppressed
13035,Suppressed,26649,Suppressed
13037,0,5469,Unreliable
13039,14,57013,Unreliable
13043,Suppressed,11000,Suppressed
13045,49,124592,39.33
13047,25,68826,36.32
13049,Suppressed,12781,Suppressed
13051,90,301107,29.89
13053,Suppressed,8819,Suppressed
13055,Suppressed,24936,Suppressed
13057,56,281278,19.91
13059,37,129875,28.49
13061,0,2845,Unreliable
13063,58,296564,19.56
13065,Suppressed,6662,Suppressed
13067,181,771952,23.45
13069,Suppressed,43172,Suppressed
13071,Suppressed,45762,Suppressed
13073,41,162419,25.24
13075,Suppressed,17404,Suppressed
13077,28,152882,18.31
13079,Suppressed,12140,Suppressed
13081,10,19708,Unreliable
13083,Suppressed,16081,Suppressed
13085,Suppressed,30138,Suppressed
13087,Suppressed,28982,Suppressed
13089,175,762820,22.94
13091,Suppressed,19802,Suppressed
13093,Suppressed,10572,Suppressed
13095,32,82966,38.57
13097,31,147316,21.04
13099,Suppressed,10574,Suppressed
13101,Suppressed,3686,Suppressed
13103,15,69041,Unreliable
13105,Suppressed,19814,Suppressed
13107,Suppressed,22929,Suppressed
13109,Suppressed,10695,Suppressed
13111,12,25737,Unreliable
13113,12,122030,Unreliable
13115,29,99443,29.16
13117,50,267237,18.71
13119,Suppressed,24128,Suppressed
13121,291,1074634,27.08
13123,Suppressed,32407,Suppressed
13125,Suppressed,2939,Suppressed
13127,30,85079,35.26
13129,17,58954,Unreliable
13131,Suppressed,26008,Suppressed
13133,Suppressed,20139,Suppressed
13135,176,975353,18.04
13137,12,47475,Unreliable
13139,74,212692,34.79
13141,Suppressed,8387,Suppressed
13143,11,31337,Unreliable
13145,Suppressed,36276,Suppressed
13147,Suppressed,26909,Suppressed
13149,Suppressed,11725,Suppressed
13151,53,248364,21.34
13153,42,169631,24.76
13155,Suppressed,9126,Suppressed
13157,14,83936,Unreliable
13159,Suppressed,15951,Suppressed
13161,Suppressed,14889,Suppressed
13163,Suppressed,15314,Suppressed
13165,Suppressed,8689,Suppressed
13167,Suppressed,9242,Suppressed
13169,10,28472,Unreliable
13171,Suppressed,19467,Suppressed
13173,Suppressed,10171,Suppressed
13175,16,49660,Unreliable
13177,Suppressed,33642,Suppressed
13179,19,68030,Unreliable
13181,Suppressed,7841,Suppressed
13183,Suppressed,18348,Suppressed
13185,Suppressed,119739,Suppressed
13187,11,34796,Unreliable
13189,Suppressed,21713,Suppressed
13191,Suppressed,11180,Suppressed
13193,Suppressed,11765,Suppressed
13195,20,31473,63.55
13197,Suppressed,7449,Suppressed
13199,Suppressed,20845,Suppressed
13201,Suppressed,5807,Suppressed
13205,Suppressed,21116,Suppressed
13207,10,29427,Unreliable
13209,Suppressed,8655,Suppressed
13211,Suppressed,21031,Suppressed
13213,Suppressed,40472,Suppressed
13215,40,202616,19.74
13217,25,117621,21.25
13219,Suppressed,43588,Suppressed
13221,Suppressed,15469,Suppressed
13223,55,178421,30.83
13225,Suppressed,28562,Suppressed
13227,19,34826,Unreliable
13229,Suppressed,20168,Suppressed
13231,Suppressed,19990,Suppressed
13233,16,43709,Unreliable
13235,0,9984,Unreliable
13237,Suppressed,22984,Suppressed
13239,0,2249,Unreliable
13241,Suppressed,17206,Suppressed
13243,Suppressed,6116,Suppressed
13245,113,206640,54.68
13247,18,94984,Unreliable
13249,Suppressed,4496,Suppressed
13251,Suppressed,13977,Suppressed
13253,Suppressed,9127,Suppressed
13255,16,68919,Unreliable
13257,Suppressed,26767,Suppressed
13259,0,4648,Unreliable
13261,Suppressed,28877,Suppressed
13263,0,5747,Unreliable
13265,Suppressed,1600,Suppressed
13267,Suppressed,24064,Suppressed
13269,0,7737,Unreliable
13271,Suppressed,12354,Suppressed
13273,Suppressed,8754,Suppressed
13275,13,45561,Unreliable
13277,13,41412,Unreliable
13279,11,26837,Unreliable
13281,Suppressed,12972,Suppressed
13283,Suppressed,6365,Suppressed
13285,10,70191,Unreliable
13287,0,8842,Unreliable
13289,Suppressed,7680,Suppressed
13291,Suppressed,26388,Suppressed
13293,Suppressed,28086,Suppressed
13295,27,68915,39.18
13297,22,103065,21.35
13299,17,35614,Unreliable
13301,Suppressed,5155,Suppressed
13303,Suppressed,19738,Suppressed
13305,13,30896,Unreliable
13307,Suppressed,2328,Suppressed
13309,Suppressed,7314,Suppressed
13311,Suppressed,28806,Suppressed
13313,17,103132,Unreliable
13315,0,8761,Unreliable
13317,Suppressed,9599,Suppressed
13319,Suppressed,8681,Suppressed
13321,Suppressed,20424,Suppressed
15001,40,206315,19.39
15003,194,995638,19.48
15005,0,82,Unreliable
15007,16,73810,Unreliable
15009,34,164351,20.69
16001,120,518907,23.13
16003,Suppressed,4817,Suppressed
16005,25,89517,27.93
16007,Suppressed,6722,Suppressed
16009,Suppressed,10370,Suppressed
16011,Suppressed,49923,Suppressed
16013,Suppressed,24866,Suppressed
16015,Suppressed,8333,Suppressed
16017,Suppressed,51414,Suppressed
16019,23,129496,17.76
16021,Suppressed,13345,Suppressed
16023,0,2684,Unreliable
16025,0,1153,Unreliable
16027,49,251065,19.52
16029,Suppressed,7190,Suppressed
16031,Suppressed,25655,Suppressed
16033,0,806,Unreliable
16035,Suppressed,9015,Suppressed
16037,Suppressed,4506,Suppressed
16039,Suppressed,29403,Suppressed
16041,0,15189,Unreliable
16043,Suppressed,13978,Suppressed
16045,Suppressed,20418,Suppressed
16047,Suppressed,15715,Suppressed
16049,Suppressed,17593,Suppressed
16051,Suppressed,33428,Suppressed
16053,Suppressed,25311,Suppressed
16055,40,183578,21.79
16057,Suppressed,40978,Suppressed
16059,0,8240,Unreliable
16061,Suppressed,3763,Suppressed
16063,0,5329,Unreliable
16065,Suppressed,54976,Suppressed
16067,Suppressed,22194,Suppressed
16069,15,43004,Unreliable
16071,Suppressed,4712,Suppressed
16073,Suppressed,12613,Suppressed
16075,Suppressed,26956,Suppressed
16077,0,8068,Unreliable
16079,Suppressed,14012,Suppressed
16081,Suppressed,12544,Suppressed
16083,17,93696,Unreliable
16085,Suppressed,12464,Suppressed
16087,Suppressed,11087,Suppressed
17001,10,64725,Unreliable
17003,0,4858,Unreliable
17005,Suppressed,16566,Suppressed
17007,12,53154,Unreliable
17009,0,6330,Unreliable
17011,Suppressed,32828,Suppressed
17013,Suppressed,4360,Suppressed
17015,Suppressed,15529,Suppressed
17017,Suppressed,12657,Suppressed
17019,60,206542,29.05
17021,Suppressed,33436,Suppressed
17023,Suppressed,15229,Suppressed
17025,Suppressed,13047,Suppressed
17027,Suppressed,36909,Suppressed
17029,Suppressed,46334,Suppressed
17031,2145,5109292,41.98
17033,Suppressed,18536,Suppressed
17035,Suppressed,10324,Suppressed
17037,21,100232,20.95
17039,0,15310,Unreliable
17041,Suppressed,19755,Suppressed
17043,154,920901,16.72
17045,Suppressed,16433,Suppressed
17047,Suppressed,6071,Suppressed
17049,Suppressed,34325,Suppressed
17051,Suppressed,21305,Suppressed
17053,Suppressed,13249,Suppressed
17055,Suppressed,37242,Suppressed
17057,Suppressed,33021,Suppressed
17059,Suppressed,4855,Suppressed
17061,0,11651,Unreliable
17063,13,53041,Unreliable
17065,Suppressed,7984,Suppressed
17067,0,17244,Unreliable
17069,0,3597,Unreliable
17071,0,6151,Unreliable
17073,Suppressed,48419,Suppressed
17075,Suppressed,26473,Suppressed
17077,Suppressed,52617,Suppressed
17079,Suppressed,9212,Suppressed
17081,12,36400,Unreliable
17083,Suppressed,21246,Suppressed
17085,Suppressed,21758,Suppressed
17087,Suppressed,13381,Suppressed
17089,94,514182,18.28
17091,48,106074,45.25
17093,22,137254,16.03
17095,Suppressed,48640,Suppressed
17097,136,709150,19.18
17099,42,108078,38.86
17101,Suppressed,14914,Suppressed
17103,Suppressed,33848,Suppressed
17105,13,35521,Unreliable
17107,Suppressed,27591,Suppressed
17109,0,26861,Unreliable
17111,53,311747,17
17113,24,171141,14.02
17115,24,101483,23.65
17117,Suppressed,44245,Suppressed
17119,107,263864,40.55
17121,16,36914,Unreliable
17123,Suppressed,11678,Suppressed
17125,Suppressed,12748,Suppressed
17127,Suppressed,13896,Suppressed
17129,0,12121,Unreliable
17131,Suppressed,15504,Suppressed
17133,Suppressed,35033,Suppressed
17135,Suppressed,28020,Suppressed
17137,Suppressed,32209,Suppressed
17139,Suppressed,14323,Suppressed
17141,Suppressed,51351,Suppressed
17143,68,178383,38.12
17145,Suppressed,20588,Suppressed
17147,Suppressed,16723,Suppressed
17149,0,14484,Unreliable
17151,Suppressed,3770,Suppressed
17153,0,4991,Unreliable
17155,Suppressed,5572,Suppressed
17157,Suppressed,30068,Suppressed
17159,Suppressed,15435,Suppressed
17161,19,141527,Unreliable
17163,81,252671,32.06
17165,Suppressed,23087,Suppressed
17167,65,194534,33.41
17169,Suppressed,6746,Suppressed
17171,0,4790,Unreliable
17173,Suppressed,20761,Suppressed
17175,Suppressed,5345,Suppressed
17177,Suppressed,43627,Suppressed
17179,33,129911,25.4
17181,Suppressed,16767,Suppressed
17183,31,72337,42.85
17185,0,11087,Unreliable
17187,Suppressed,16354,Suppressed
17189,Suppressed,13643,Suppressed
17191,0,15872,Unreliable
17193,Suppressed,13614,Suppressed
17195,12,54658,Unreliable
17197,168,696757,24.11
17199,16,66695,Unreliable
17201,155,282188,54.93
17203,Suppressed,38128,Suppressed
18001,Suppressed,36068,Suppressed
18003,137,391449,35
18005,47,83540,56.26
18007,Suppressed,8719,Suppressed
18009,Suppressed,11919,Suppressed
18011,14,74164,Unreliable
18013,Suppressed,15570,Suppressed
18015,Suppressed,20555,Suppressed
18017,17,37540,Unreliable
18019,62,124237,49.9
18021,Suppressed,26379,Suppressed
18023,17,32843,Unreliable
18025,Suppressed,10536,Suppressed
18027,Suppressed,33418,Suppressed
18029,20,51138,39.11
18031,Suppressed,26416,Suppressed
18033,Suppressed,43731,Suppressed
18035,64,112031,57.13
18037,Suppressed,43632,Suppressed
18039,34,206890,16.43
18041,14,23349,Unreliable
18043,43,80714,53.27
18045,Suppressed,16574,Suppressed
18047,Suppressed,23028,Suppressed
18049,Suppressed,20327,Suppressed
18051,Suppressed,32993,Suppressed
18053,46,66022,69.67
18055,Suppressed,31006,Suppressed
18057,56,364921,15.35
18059,21,83070,25.28
18061,20,39851,50.19
18063,37,182534,20.27
18065,14,48915,Unreliable
18067,44,83574,52.65
18069,12,36834,Unreliable
18071,20,46300,43.2
18073,Suppressed,33281,Suppressed
18075,Suppressed,20198,Suppressed
18077,10,32946,Unreliable
18079,20,27536,72.63
18081,61,165782,36.8
18083,Suppressed,35789,Suppressed
18085,21,80826,25.98
18087,Suppressed,40866,Suppressed
18089,195,499689,39.02
18091,56,111675,50.15
18093,16,45222,Unreliable
18095,81,131744,61.48
18097,699,969466,72.1
18099,15,46332,Unreliable
18101,0,9803,Unreliable
18103,17,35674,Unreliable
18105,58,139745,41.5
18107,11,38273,Unreliable
18109,33,72236,45.68
18111,Suppressed,13823,Suppressed
18113,11,47367,Unreliable
18115,Suppressed,6114,Suppressed
18117,Suppressed,19623,Suppressed
18119,Suppressed,21482,Suppressed
18121,Suppressed,16369,Suppressed
18123,Suppressed,19183,Suppressed
18125,Suppressed,12168,Suppressed
18127,47,174791,26.89
18129,Suppressed,25063,Suppressed
18131,Suppressed,12485,Suppressed
18133,Suppressed,37301,Suppressed
18135,13,24437,Unreliable
18137,Suppressed,29087,Suppressed
18139,Suppressed,16673,Suppressed
18141,94,272234,34.53
18143,13,24588,Unreliable
18145,21,44991,46.68
18147,Suppressed,19967,Suppressed
18149,17,23258,Unreliable
18151,Suppressed,34725,Suppressed
18153,Suppressed,20670,Suppressed
18155,Suppressed,10006,Suppressed
18157,52,188717,27.55
18159,Suppressed,15361,Suppressed
18161,Suppressed,6952,Suppressed
18163,74,179744,41.17
18165,Suppressed,15451,Suppressed
18167,33,106006,31.13
18169,13,30828,Unreliable
18171,Suppressed,8461,Suppressed
18173,10,65185,Unreliable
18175,13,28224,Unreliable
18177,46,66273,69.41
18179,Suppressed,28335,Suppressed
18181,Suppressed,24598,Suppressed
18183,Suppressed,34627,Suppressed
19001,0,7494,Unreliable
19003,0,3611,Unreliable
19005,Suppressed,13960,Suppressed
19007,Suppressed,12094,Suppressed
19009,0,5598,Unreliable
19011,Suppressed,25711,Suppressed
19013,13,130274,Unreliable
19015,Suppressed,26609,Suppressed
19017,Suppressed,25259,Suppressed
19019,Suppressed,20714,Suppressed
19021,0,20600,Unreliable
19023,0,14269,Unreliable
19025,Suppressed,9725,Suppressed
19027,Suppressed,20567,Suppressed
19029,Suppressed,13104,Suppressed
19031,Suppressed,18399,Suppressed
19033,Suppressed,42409,Suppressed
19035,0,11491,Unreliable
19037,0,11716,Unreliable
19039,0,9692,Unreliable
19041,Suppressed,16475,Suppressed
19043,Suppressed,17027,Suppressed
19045,15,46344,Unreliable
19047,Suppressed,16123,Suppressed
19049,11,108016,Unreliable
19051,Suppressed,9130,Suppressed
19053,Suppressed,7683,Suppressed
19055,Suppressed,17568,Suppressed
19057,15,38293,Unreliable
19059,Suppressed,18028,Suppressed
19061,12,98677,Unreliable
19063,Suppressed,9176,Suppressed
19065,Suppressed,19294,Suppressed
19067,Suppressed,15337,Suppressed
19069,Suppressed,9916,Suppressed
19071,0,6464,Unreliable
19073,Suppressed,8741,Suppressed
19075,Suppressed,12356,Suppressed
19077,Suppressed,10647,Suppressed
19079,Suppressed,14820,Suppressed
19081,0,10685,Unreliable
19083,0,16567,Unreliable
19085,Suppressed,14658,Suppressed
19087,Suppressed,20196,Suppressed
19089,0,9533,Unreliable
19091,Suppressed,9572,Suppressed
19093,0,6888,Unreliable
19095,0,16475,Unreliable
19097,Suppressed,19324,Suppressed
19099,Suppressed,37938,Suppressed
19101,Suppressed,15698,Suppressed
19103,18,156420,Unreliable
19105,Suppressed,20848,Suppressed
19107,Suppressed,9904,Suppressed
19109,0,14475,Unreliable
19111,Suppressed,32840,Suppressed
19113,41,229033,17.9
19115,0,10677,Unreliable
19117,Suppressed,8689,Suppressed
19119,0,12179,Unreliable
19121,Suppressed,17036,Suppressed
19123,Suppressed,21946,Suppressed
19125,Suppressed,33642,Suppressed
19127,Suppressed,39879,Suppressed
19129,Suppressed,14553,Suppressed
19131,0,10532,Unreliable
19133,Suppressed,8486,Suppressed
19135,0,7550,Unreliable
19137,0,10205,Unreliable
19139,Suppressed,42377,Suppressed
19141,0,14060,Unreliable
19143,0,6036,Unreliable
19145,Suppressed,15143,Suppressed
19147,0,8764,Unreliable
19149,Suppressed,25681,Suppressed
19151,0,7053,Unreliable
19153,141,501089,28.14
19155,25,93173,26.83
19157,Suppressed,18467,Suppressed
19159,Suppressed,4670,Suppressed
19161,Suppressed,9673,Suppressed
19163,31,173924,17.82
19165,Suppressed,11645,Suppressed
19167,Suppressed,36050,Suppressed
19169,Suppressed,99673,Suppressed
19171,0,16903,Unreliable
19173,0,5858,Unreliable
19175,Suppressed,11887,Suppressed
19177,Suppressed,7256,Suppressed
19179,Suppressed,35043,Suppressed
19181,Suppressed,54327,Suppressed
19183,Suppressed,22571,Suppressed
19185,Suppressed,6467,Suppressed
19187,Suppressed,36626,Suppressed
19189,0,10617,Unreliable
19191,0,19974,Unreliable
19193,11,105671,Unreliable
19195,0,7319,Unreliable
19197,0,12681,Unreliable
20001,Suppressed,12579,Suppressed
20003,Suppressed,7776,Suppressed
20005,Suppressed,16108,Suppressed
20007,0,4122,Unreliable
20009,Suppressed,25080,Suppressed
20011,Suppressed,14493,Suppressed
20013,0,9364,Unreliable
20015,15,68240,Unreliable
20017,0,2548,Unreliable
20019,Suppressed,3415,Suppressed
20021,Suppressed,19088,Suppressed
20023,Suppressed,2583,Suppressed
20025,0,1933,Unreliable
20027,0,8043,Unreliable
20029,0,8946,Unreliable
20031,Suppressed,8280,Suppressed
20033,0,1681,Unreliable
20035,Suppressed,34453,Suppressed
20037,10,39078,Unreliable
20039,0,2689,Unreliable
20041,Suppressed,18430,Suppressed
20043,Suppressed,7440,Suppressed
20045,23,119964,19.17
20047,Suppressed,2739,Suppressed
20049,0,2441,Unreliable
20051,Suppressed,28941,Suppressed
20053,0,6355,Unreliable
20055,Suppressed,37650,Suppressed
20057,Suppressed,33848,Suppressed
20059,10,25992,Unreliable
20061,10,35691,Unreliable
20063,0,2717,Unreliable
20065,0,2411,Unreliable
20067,0,7197,Unreliable
20069,0,5729,Unreliable
20071,0,1223,Unreliable
20073,0,5939,Unreliable
20075,0,2430,Unreliable
20077,Suppressed,5323,Suppressed
20079,Suppressed,33801,Suppressed
20081,0,3576,Unreliable
20083,0,1755,Unreliable
20085,Suppressed,13286,Suppressed
20087,Suppressed,18344,Suppressed
20089,0,2898,Unreliable
20091,110,619195,17.77
20093,0,3855,Unreliable
20095,0,7193,Unreliable
20097,0,2404,Unreliable
20099,Suppressed,19757,Suppressed
20101,0,1556,Unreliable
20103,30,82892,36.19
20105,Suppressed,2899,Suppressed
20107,Suppressed,9796,Suppressed
20109,Suppressed,2705,Suppressed
20111,Suppressed,31898,Suppressed
20113,Suppressed,30012,Suppressed
20115,0,11868,Unreliable
20117,0,9982,Unreliable
20119,0,3897,Unreliable
20121,Suppressed,34867,Suppressed
20123,Suppressed,5738,Suppressed
20125,Suppressed,30996,Suppressed
20127,0,5349,Unreliable
20129,0,2599,Unreliable
20131,0,10115,Unreliable
20133,Suppressed,15606,Suppressed
20135,0,2645,Unreliable
20137,0,5301,Unreliable
20139,Suppressed,15654,Suppressed
20141,0,3490,Unreliable
20143,Suppressed,5795,Suppressed
20145,Suppressed,6179,Suppressed
20147,0,4809,Unreliable
20149,Suppressed,26273,Suppressed
20151,Suppressed,9067,Suppressed
20153,0,2528,Unreliable
20155,23,61516,37.39
20157,Suppressed,4642,Suppressed
20159,Suppressed,9407,Suppressed
20161,Suppressed,71108,Suppressed
20163,0,4813,Unreliable
20165,Suppressed,2927,Suppressed
20167,Suppressed,6639,Suppressed
20169,10,53596,Unreliable
20171,0,5014,Unreliable
20173,238,525525,45.29
20175,Suppressed,21358,Suppressed
20177,64,177480,36.06
20179,0,2425,Unreliable
20181,0,5830,Unreliable
20183,0,3533,Unreliable
20185,0,3993,Unreliable
20187,Suppressed,1963,Suppressed
20189,Suppressed,5175,Suppressed
20191,Suppressed,22473,Suppressed
20193,0,7893,Unreliable
20195,0,2752,Unreliable
20197,0,7019,Unreliable
20199,Suppressed,1488,Suppressed
20201,0,5501,Unreliable
20203,Suppressed,2064,Suppressed
20205,Suppressed,8622,Suppressed
20207,0,3109,Unreliable
20209,64,165746,38.61
21001,10,19067,Unreliable
21003,Suppressed,21275,Suppressed
21005,13,24224,Unreliable
21007,Suppressed,7650,Suppressed
21009,Suppressed,44854,Suppressed
21011,21,12829,163.69
21013,11,23568,Unreliable
21015,47,139093,33.79
21017,Suppressed,20093,Suppressed
21019,49,48110,101.85
21021,15,30904,Unreliable
21023,Suppressed,8452,Suppressed
21025,Suppressed,13351,Suppressed
21027,Suppressed,20943,Suppressed
21029,44,83836,52.48
21031,Suppressed,12295,Suppressed
21033,Suppressed,12570,Suppressed
21035,Suppressed,37685,Suppressed
21037,45,93300,48.23
21039,0,4720,Unreliable
21041,Suppressed,10938,Suppressed
21043,20,26395,75.77
21045,Suppressed,15920,Suppressed
21047,32,73037,43.81
21049,25,37061,67.46
21051,12,19913,Unreliable
21053,Suppressed,9123,Suppressed
21055,Suppressed,8981,Suppressed
21057,Suppressed,5946,Suppressed
21059,30,103222,29.06
21061,Suppressed,12269,Suppressed
21063,0,7293,Unreliable
21065,17,14044,Unreliable
21067,162,320347,50.57
21069,Suppressed,15288,Suppressed
21071,44,34978,125.79
21073,32,51607,62.01
21075,Suppressed,6382,Suppressed
21077,Suppressed,8763,Suppressed
21079,Suppressed,17589,Suppressed
21081,19,25502,Unreliable
21083,Suppressed,36412,Suppressed
21085,Suppressed,26631,Suppressed
21087,Suppressed,11365,Suppressed
21089,18,35403,Unreliable
21091,0,9021,Unreliable
21093,51,111862,45.59
21095,13,25662,Unreliable
21097,12,19103,Unreliable
21099,Suppressed,19600,Suppressed
21101,15,44046,Unreliable
21103,Suppressed,15771,Suppressed
21105,Suppressed,4422,Suppressed
21107,10,44812,Unreliable
21109,Suppressed,12973,Suppressed
21111,524,773399,67.75
21113,41,54254,75.57
21115,Suppressed,22244,Suppressed
21117,71,170313,41.69
21119,15,13874,Unreliable
21121,Suppressed,29791,Suppressed
21123,Suppressed,15163,Suppressed
21125,24,62885,38.16
21127,10,16109,Unreliable
21129,11,7261,Unreliable
21131,Suppressed,10093,Suppressed
21133,14,20893,Unreliable
21135,Suppressed,12954,Suppressed
21137,15,24360,Unreliable
21139,Suppressed,8963,Suppressed
21141,Suppressed,27877,Suppressed
21143,Suppressed,9101,Suppressed
21145,18,67490,Unreliable
21147,Suppressed,16701,Suppressed
21149,Suppressed,9105,Suppressed
21151,67,95187,70.39
21153,16,11357,Unreliable
21155,10,19775,Unreliable
21157,Suppressed,31777,Suppressed
21159,Suppressed,11095,Suppressed
21161,13,16930,Unreliable
21163,Suppressed,30001,Suppressed
21165,Suppressed,6250,Suppressed
21167,17,22902,Unreliable
21169,Suppressed,10370,Suppressed
21171,Suppressed,11355,Suppressed
21173,22,28367,77.55
21175,Suppressed,14120,Suppressed
21177,Suppressed,30455,Suppressed
21179,21,47392,44.31
21181,Suppressed,7805,Suppressed
21183,Suppressed,23527,Suppressed
21185,11,69431,Unreliable
21187,Suppressed,11290,Suppressed
21189,Suppressed,3929,Suppressed
21191,Suppressed,14676,Suppressed
21193,22,27361,80.41
21195,53,56286,94.16
21197,10,13083,Unreliable
21199,30,65795,45.6
21201,0,2229,Unreliable
21203,Suppressed,16242,Suppressed
21205,16,24388,Unreliable
21207,Suppressed,18178,Suppressed
21209,26,59099,43.99
21211,30,48886,61.37
21213,Suppressed,19949,Suppressed
21215,Suppressed,20204,Suppressed
21217,21,26407,79.52
21219,Suppressed,12404,Suppressed
21221,Suppressed,14332,Suppressed
21223,Suppressed,8539,Suppressed
21225,Suppressed,12961,Suppressed
21227,32,139843,22.88
21229,Suppressed,12061,Suppressed
21231,Suppressed,19681,Suppressed
21233,Suppressed,12726,Suppressed
21235,36,36873,97.63
21237,Suppressed,6400,Suppressed
21239,Suppressed,27062,Suppressed
22001,29,56744,51.11
22003,10,22320,Unreliable
22005,77,130458,59.02
22007,Suppressed,20604,Suppressed
22009,29,38751,74.84
22011,Suppressed,36570,Suppressed
22013,Suppressed,12641,Suppressed
22015,17,129276,Unreliable
22017,28,229025,12.23
22019,59,202418,29.15
22021,Suppressed,9554,Suppressed
22023,Suppressed,4902,Suppressed
22025,Suppressed,8566,Suppressed
22027,Suppressed,13744,Suppressed
22029,Suppressed,18116,Suppressed
22031,0,26853,Unreliable
22033,279,450544,61.93
22035,0,6990,Unreliable
22037,Suppressed,19135,Suppressed
22039,10,31986,Unreliable
22041,Suppressed,19308,Suppressed
22043,Suppressed,22000,Suppressed
22045,24,68327,35.13
22047,15,29506,Unreliable
22049,Suppressed,14839,Suppressed
22051,278,425884,65.28
22053,21,32026,65.57
22055,117,247866,47.2
22057,41,95870,42.77
22059,Suppressed,14729,Suppressed
22061,Suppressed,48129,Suppressed
22063,129,148425,86.91
22065,Suppressed,9478,Suppressed
22067,Suppressed,24446,Suppressed
22069,14,36663,Unreliable
22071,359,369749,97.09
22073,66,157702,41.85
22075,Suppressed,22516,Suppressed
22077,Suppressed,20151,Suppressed
22079,75,127189,58.97
22081,Suppressed,7420,Suppressed
22083,Suppressed,19826,Suppressed
22085,Suppressed,21985,Suppressed
22087,38,44479,85.43
22089,30,50998,58.83
22091,Suppressed,10822,Suppressed
22093,10,19423,Unreliable
22095,11,39864,Unreliable
22097,32,81773,39.13
22099,33,51236,64.41
22101,27,47789,56.5
22103,120,273263,43.91
22105,103,137048,75.16
22107,0,3846,Unreliable
22109,72,104786,68.71
22111,Suppressed,20721,Suppressed
22113,23,56952,40.38
22115,12,47247,Unreliable
22117,36,45025,79.96
22119,Suppressed,35643,Suppressed
22121,Suppressed,28034,Suppressed
22123,Suppressed,9475,Suppressed
22125,15,15381,Unreliable
22127,Suppressed,13205,Suppressed
23001,67,113023,59.28
23003,46,67255,68.4
23005,120,307451,39.03
23007,14,30474,Unreliable
23009,25,56701,44.09
23011,56,125540,44.61
23013,21,41164,51.02
23015,16,36215,Unreliable
23017,30,59495,50.42
23019,107,153704,69.61
23021,Suppressed,17417,Suppressed
23023,10,37393,Unreliable
23025,31,51098,60.67
23027,24,40241,59.64
23029,25,31437,79.52
23031,107,216732,49.37
24001,35,67267,52.03
24003,214,593286,36.07
24005,388,846161,45.85
24009,29,94573,30.66
24011,12,33433,Unreliable
24013,53,175305,30.23
24015,95,104942,90.53
24017,74,170102,43.5
24019,18,32726,Unreliable
24021,70,287079,24.38
24023,Suppressed,28579,Suppressed
24025,116,263867,43.96
24027,53,335411,15.8
24029,Suppressed,19320,Suppressed
24031,142,1052521,13.49
24033,250,946971,26.4
24035,12,51711,Unreliable
24037,40,114877,34.82
24039,16,24546,Unreliable
24041,13,37932,Unreliable
24043,100,155590,64.27
24045,32,104664,30.57
24047,12,53866,Unreliable
24510,787,569931,138.09
25001,101,232457,43.45
25003,50,127859,39.11
25005,312,580068,53.79
25007,Suppressed,20868,Suppressed
25009,300,806765,37.19
25011,31,70894,43.73
25013,252,461041,54.66
25015,44,162588,27.06
25017,430,1617105,26.59
25019,Suppressed,14421,Suppressed
25021,184,725531,25.36
25023,216,533069,40.52
25025,337,766381,43.97
25027,372,862927,43.11
26001,Suppressed,10417,Suppressed
26003,Suppressed,8807,Suppressed
26005,19,121210,Unreliable
26007,Suppressed,28847,Suppressed
26009,Suppressed,24249,Suppressed
26011,Suppressed,15089,Suppressed
26013,Suppressed,8277,Suppressed
26015,Suppressed,63554,Suppressed
26017,28,102821,27.23
26019,Suppressed,18297,Suppressed
26021,53,152900,34.66
26023,Suppressed,44531,Suppressed
26025,51,133289,38.26
26027,10,51403,Unreliable
26029,Suppressed,26293,Suppressed
26031,Suppressed,25940,Suppressed
26033,Suppressed,36293,Suppressed
26035,Suppressed,31352,Suppressed
26037,Suppressed,79748,Suppressed
26039,Suppressed,13491,Suppressed
26041,Suppressed,36741,Suppressed
26043,Suppressed,25874,Suppressed
26045,26,108992,23.85
26047,Suppressed,34163,Suppressed
26049,240,401983,59.7
26051,10,25728,Unreliable
26053,Suppressed,14319,Suppressed
26055,22,96464,22.81
26057,Suppressed,41100,Suppressed
26059,12,45762,Unreliable
26061,Suppressed,37035,Suppressed
26063,Suppressed,31248,Suppressed
26065,118,284108,41.53
26067,11,66809,Unreliable
26069,Suppressed,25521,Suppressed
26071,Suppressed,11622,Suppressed
26073,15,64447,Unreliable
26075,44,160066,27.49
26077,43,261173,16.46
26079,Suppressed,18182,Suppressed
26081,119,659083,18.06
26083,Suppressed,2180,Suppressed
26085,Suppressed,12594,Suppressed
26087,26,88780,29.29
26089,Suppressed,22870,Suppressed
26091,26,98567,26.38
26093,32,196161,16.31
26095,0,5330,Unreliable
26097,Suppressed,10941,Suppressed
26099,311,874195,35.58
26101,15,25287,Unreliable
26103,Suppressed,66661,Suppressed
26105,10,29409,Unreliable
26107,Suppressed,40720,Suppressed
26109,Suppressed,23266,Suppressed
26111,11,83674,Unreliable
26113,Suppressed,15213,Suppressed
26115,42,155609,26.99
26117,14,67433,Unreliable
26119,Suppressed,9569,Suppressed
26121,69,176565,39.08
26123,11,50886,Unreliable
26125,232,1269431,18.28
26127,Suppressed,26973,Suppressed
26129,Suppressed,20970,Suppressed
26131,Suppressed,5863,Suppressed
26133,Suppressed,23274,Suppressed
26135,0,8404,Unreliable
26137,Suppressed,25644,Suppressed
26139,35,300873,11.63
26141,Suppressed,13361,Suppressed
26143,Suppressed,23708,Suppressed
26145,55,188330,29.2
26147,41,160151,25.6
26149,14,60874,Unreliable
26151,Suppressed,40657,Suppressed
26153,Suppressed,8188,Suppressed
26155,21,68022,30.87
26157,Suppressed,52945,Suppressed
26159,22,75692,29.07
26161,98,366376,26.75
26163,884,1757043,50.31
26165,Suppressed,34196,Suppressed
27001,Suppressed,16126,Suppressed
27003,82,368864,22.23
27005,Suppressed,35371,Suppressed
27007,33,46799,70.51
27009,16,41463,Unreliable
27011,Suppressed,5144,Suppressed
27013,12,69631,Unreliable
27015,0,25723,Unreliable
27017,Suppressed,36708,Suppressed
27019,13,110034,Unreliable
27021,13,31274,Unreliable
27023,Suppressed,12284,Suppressed
27025,Suppressed,57988,Suppressed
27027,15,65929,Unreliable
27029,Suppressed,8649,Suppressed
27031,Suppressed,5708,Suppressed
27033,Suppressed,11356,Suppressed
27035,15,67948,Unreliable
27037,60,443341,13.53
27039,Suppressed,20981,Suppressed
27041,Suppressed,39668,Suppressed
27043,Suppressed,13926,Suppressed
27045,Suppressed,21414,Suppressed
27047,Suppressed,30718,Suppressed
27049,Suppressed,48013,Suppressed
27051,Suppressed,6136,Suppressed
27053,460,1260121,36.5
27055,Suppressed,18800,Suppressed
27057,Suppressed,21960,Suppressed
27059,Suppressed,42727,Suppressed
27061,Suppressed,45205,Suppressed
27063,Suppressed,9893,Suppressed
27065,Suppressed,16463,Suppressed
27067,Suppressed,43839,Suppressed
27069,0,4059,Unreliable
27071,Suppressed,11844,Suppressed
27073,0,6689,Unreliable
27075,Suppressed,10939,Suppressed
27077,0,3871,Unreliable
27079,Suppressed,29153,Suppressed
27081,Suppressed,5580,Suppressed
27083,Suppressed,25262,Suppressed
27085,Suppressed,36714,Suppressed
27087,Suppressed,5328,Suppressed
27089,0,8861,Unreliable
27091,Suppressed,19650,Suppressed
27093,Suppressed,23496,Suppressed
27095,11,27280,Unreliable
27097,11,34246,Unreliable
27099,11,40140,Unreliable
27101,0,8060,Unreliable
27103,Suppressed,34441,Suppressed
27105,Suppressed,21947,Suppressed
27107,0,6377,Unreliable
27109,45,164020,27.44
27111,Suppressed,60519,Suppressed
27113,Suppressed,13845,Suppressed
27115,Suppressed,29446,Suppressed
27117,Suppressed,9355,Suppressed
27119,Suppressed,30731,Suppressed
27121,Suppressed,11431,Suppressed
27123,236,536413,44
27125,0,3874,Unreliable
27127,Suppressed,15361,Suppressed
27129,Suppressed,14525,Suppressed
27131,Suppressed,67693,Suppressed
27133,Suppressed,9537,Suppressed
27135,Suppressed,15292,Suppressed
27137,69,199532,34.58
27139,21,154520,13.59
27141,Suppressed,100824,Suppressed
27143,0,14955,Unreliable
27145,26,160405,16.21
27147,Suppressed,37398,Suppressed
27149,0,9637,Unreliable
27151,0,9755,Unreliable
27153,Suppressed,25538,Suppressed
27155,0,3275,Unreliable
27157,Suppressed,21658,Suppressed
27159,0,14307,Unreliable
27161,Suppressed,18893,Suppressed
27163,30,275912,10.87
27165,Suppressed,11075,Suppressed
27167,Suppressed,6350,Suppressed
27169,11,49478,Unreliable
27171,13,148003,Unreliable
27173,Suppressed,9486,Suppressed
28001,Suppressed,28408,Suppressed
28003,Suppressed,34204,Suppressed
28005,Suppressed,12619,Suppressed
28007,Suppressed,17509,Suppressed
28009,Suppressed,7550,Suppressed
28011,Suppressed,29370,Suppressed
28013,Suppressed,12781,Suppressed
28015,Suppressed,9731,Suppressed
28017,Suppressed,16812,Suppressed
28019,0,8037,Unreliable
28021,Suppressed,8805,Suppressed
28023,Suppressed,15271,Suppressed
28025,Suppressed,18380,Suppressed
28027,Suppressed,20197,Suppressed
28029,Suppressed,27719,Suppressed
28031,Suppressed,18098,Suppressed
28033,61,191723,31.82
28035,15,78110,Unreliable
28037,Suppressed,7642,Suppressed
28039,Suppressed,25206,Suppressed
28041,Suppressed,13552,Suppressed
28043,10,21088,Unreliable
28045,18,46094,Unreliable
28047,82,211044,38.85
28049,65,217730,29.85
28051,Suppressed,16121,Suppressed
28053,0,7333,Unreliable
28055,0,1273,Unreliable
28057,Suppressed,23903,Suppressed
28059,77,144975,53.11
28061,Suppressed,16167,Suppressed
28063,Suppressed,7087,Suppressed
28065,Suppressed,11088,Suppressed
28067,10,66569,Unreliable
28069,0,8654,Unreliable
28071,Suppressed,57615,Suppressed
28073,20,65783,30.4
28075,Suppressed,70904,Suppressed
28077,Suppressed,11713,Suppressed
28079,0,21135,Unreliable
28081,13,82959,Unreliable
28083,Suppressed,26570,Suppressed
28085,Suppressed,34717,Suppressed
28087,Suppressed,57603,Suppressed
28089,16,111113,Unreliable
28091,16,24050,Unreliable
28093,Suppressed,34110,Suppressed
28095,Suppressed,33577,Suppressed
28097,Suppressed,9530,Suppressed
28099,Suppressed,28673,Suppressed
28101,Suppressed,21029,Suppressed
28103,0,9990,Unreliable
28105,Suppressed,51427,Suppressed
28107,11,32661,Unreliable
28109,47,57261,82.08
28111,Suppressed,11368,Suppressed
28113,17,39644,Unreliable
28115,Suppressed,31389,Suppressed
28117,Suppressed,24792,Suppressed
28119,0,5701,Unreliable
28121,38,158979,23.9
28123,0,27707,Unreliable
28125,0,3488,Unreliable
28127,Suppressed,25587,Suppressed
28129,Suppressed,14092,Suppressed
28131,Suppressed,18669,Suppressed
28133,Suppressed,24811,Suppressed
28135,0,12035,Unreliable
28137,Suppressed,28296,Suppressed
28139,Suppressed,21431,Suppressed
28141,Suppressed,18619,Suppressed
28143,Suppressed,9458,Suppressed
28145,Suppressed,28125,Suppressed
28147,Suppressed,13761,Suppressed
28149,Suppressed,42649,Suppressed
28151,Suppressed,42514,Suppressed
28153,Suppressed,19681,Suppressed
28155,Suppressed,9993,Suppressed
28157,Suppressed,8143,Suppressed
28159,Suppressed,17543,Suppressed
28161,Suppressed,12364,Suppressed
28163,Suppressed,25948,Suppressed
29001,0,25165,Unreliable
29003,Suppressed,18003,Suppressed
29005,Suppressed,5182,Suppressed
29007,Suppressed,24434,Suppressed
29009,Suppressed,34926,Suppressed
29011,Suppressed,11694,Suppressed
29013,Suppressed,16177,Suppressed
29015,Suppressed,20224,Suppressed
29017,Suppressed,10518,Suppressed
29019,54,187690,28.77
29021,39,82911,47.04
29023,18,42179,Unreliable
29025,Suppressed,8933,Suppressed
29027,14,44762,Unreliable
29029,Suppressed,43768,Suppressed
29031,Suppressed,82899,Suppressed
29033,Suppressed,8423,Suppressed
29035,Suppressed,5268,Suppressed
29037,26,110394,23.55
29039,Suppressed,14601,Suppressed
29041,Suppressed,7386,Suppressed
29043,23,93114,24.7
29045,0,6723,Unreliable
29047,62,257033,24.12
29049,Suppressed,21328,Suppressed
29051,13,76969,Unreliable
29053,Suppressed,16772,Suppressed
29055,12,22659,Unreliable
29057,Suppressed,7660,Suppressed
29059,Suppressed,17626,Suppressed
29061,Suppressed,8435,Suppressed
29063,Suppressed,11336,Suppressed
29065,Suppressed,14467,Suppressed
29067,Suppressed,11975,Suppressed
29069,Suppressed,27406,Suppressed
29071,54,105879,51
29073,Suppressed,14768,Suppressed
29075,0,6253,Unreliable
29077,127,303293,41.87
29079,Suppressed,9838,Suppressed
29081,0,8199,Unreliable
29083,Suppressed,22438,Suppressed
29085,Suppressed,8630,Suppressed
29087,0,4262,Unreliable
29089,Suppressed,10168,Suppressed
29091,Suppressed,40631,Suppressed
29093,Suppressed,9414,Suppressed
29095,309,716531,43.12
29097,32,124075,25.79
29099,107,229336,46.66
29101,Suppressed,54368,Suppressed
29103,0,3776,Unreliable
29105,Suppressed,36313,Suppressed
29107,Suppressed,32961,Suppressed
29109,Suppressed,38683,Suppressed
29111,Suppressed,9891,Suppressed
29113,29,63155,45.92
29115,Suppressed,11820,Suppressed
29117,Suppressed,14402,Suppressed
29119,Suppressed,23588,Suppressed
29121,Suppressed,15049,Suppressed
29123,Suppressed,12753,Suppressed
29125,Suppressed,8431,Suppressed
29127,Suppressed,28438,Suppressed
29129,Suppressed,3437,Suppressed
29131,Suppressed,25403,Suppressed
29133,Suppressed,11688,Suppressed
29135,0,15220,Unreliable
29137,Suppressed,8652,Suppressed
29139,Suppressed,11470,Suppressed
29141,Suppressed,21785,Suppressed
29143,Suppressed,15695,Suppressed
29145,Suppressed,60011,Suppressed
29147,0,20670,Unreliable
29149,Suppressed,8732,Suppressed
29151,Suppressed,13399,Suppressed
29153,Suppressed,8940,Suppressed
29155,Suppressed,14841,Suppressed
29157,Suppressed,18858,Suppressed
29159,Suppressed,43353,Suppressed
29161,22,45313,48.55
29163,10,17664,Unreliable
29165,20,110534,18.09
29167,Suppressed,32693,Suppressed
29169,32,53941,59.32
29171,Suppressed,4666,Suppressed
29173,0,10420,Unreliable
29175,Suppressed,24622,Suppressed
29177,Suppressed,23107,Suppressed
29179,0,6006,Unreliable
29181,Suppressed,10703,Suppressed
29183,105,413803,25.37
29185,Suppressed,9576,Suppressed
29186,11,18644,Unreliable
29187,41,66969,61.22
29189,398,990414,40.19
29195,Suppressed,23007,Suppressed
29197,0,4002,Unreliable
29199,0,4643,Unreliable
29201,Suppressed,37840,Suppressed
29203,Suppressed,7193,Suppressed
29205,Suppressed,5982,Suppressed
29207,10,28377,Unreliable
29209,Suppressed,32136,Suppressed
29211,Suppressed,5840,Suppressed
29213,19,56821,Unreliable
29215,11,25336,Unreliable
29217,Suppressed,19651,Suppressed
29219,14,37260,Unreliable
29221,11,23441,Unreliable
29223,Suppressed,10792,Suppressed
29225,Suppressed,40335,Suppressed
29227,Suppressed,1955,Suppressed
29229,Suppressed,19156,Suppressed
29510,311,286578,108.52
30001,Suppressed,9719,Suppressed
30003,Suppressed,12851,Suppressed
30005,Suppressed,6936,Suppressed
30007,Suppressed,7793,Suppressed
30009,Suppressed,11179,Suppressed
30011,0,1382,Unreliable
30013,16,84864,Unreliable
30015,Suppressed,5898,Suppressed
30017,Suppressed,12032,Suppressed
30019,0,1628,Unreliable
30021,Suppressed,8830,Suppressed
30023,Suppressed,9510,Suppressed
30025,0,3011,Unreliable
30027,0,11663,Unreliable
30029,21,111814,18.78
30031,13,124857,Unreliable
30033,0,1218,Unreliable
30035,Suppressed,13681,Suppressed
30037,0,835,Unreliable
30039,Suppressed,3502,Suppressed
30041,Suppressed,16068,Suppressed
30043,Suppressed,12826,Suppressed
30045,0,2105,Unreliable
30047,11,32853,Unreliable
30049,14,73832,Unreliable
30051,Suppressed,1972,Suppressed
30053,Suppressed,21525,Suppressed
30055,0,1709,Unreliable
30057,Suppressed,9265,Suppressed
30059,0,2013,Unreliable
30061,0,5058,Unreliable
30063,23,121041,19
30065,Suppressed,5197,Suppressed
30067,Suppressed,17790,Suppressed
30069,0,524,Unreliable
30071,0,4240,Unreliable
30073,Suppressed,6078,Suppressed
30075,0,1725,Unreliable
30077,Suppressed,7051,Suppressed
30079,0,1107,Unreliable
30081,Suppressed,47298,Suppressed
30083,Suppressed,11237,Suppressed
30085,Suppressed,10572,Suppressed
30087,Suppressed,8088,Suppressed
30089,Suppressed,13442,Suppressed
30091,Suppressed,3564,Suppressed
30093,21,36068,58.22
30095,Suppressed,9177,Suppressed
30097,Suppressed,3715,Suppressed
30099,0,6368,Unreliable
30101,0,5082,Unreliable
30103,0,758,Unreliable
30105,Suppressed,7513,Suppressed
30107,0,2032,Unreliable
30109,0,919,Unreliable
30111,28,169852,16.48
31001,Suppressed,30970,Suppressed
31003,Suppressed,6293,Suppressed
31005,0,433,Unreliable
31007,0,660,Unreliable
31009,0,453,Unreliable
31011,0,5385,Unreliable
31013,Suppressed,10672,Suppressed
31015,0,1741,Unreliable
31017,0,2872,Unreliable
31019,Suppressed,50586,Suppressed
31021,0,6755,Unreliable
31023,0,8427,Unreliable
31025,0,27122,Unreliable
31027,0,8371,Unreliable
31029,0,3772,Unreliable
31031,0,5464,Unreliable
31033,Suppressed,9511,Suppressed
31035,0,6049,Unreliable
31037,0,10444,Unreliable
31039,0,8929,Unreliable
31041,Suppressed,10476,Suppressed
31043,Suppressed,21042,Suppressed
31045,0,8241,Unreliable
31047,Suppressed,23884,Suppressed
31049,0,1902,Unreliable
31051,Suppressed,5464,Suppressed
31053,Suppressed,36997,Suppressed
31055,116,586327,19.78
31057,0,1590,Unreliable
31059,0,5553,Unreliable
31061,0,2873,Unreliable
31063,0,2633,Unreliable
31065,0,4575,Unreliable
31067,0,21583,Unreliable
31069,0,1837,Unreliable
31071,0,1801,Unreliable
31073,0,1808,Unreliable
31075,0,576,Unreliable
31077,0,2227,Unreliable
31079,Suppressed,62097,Suppressed
31081,0,9429,Unreliable
31083,Suppressed,3054,Suppressed
31085,0,849,Unreliable
31087,0,2598,Unreliable
31089,Suppressed,10043,Suppressed
31091,0,686,Unreliable
31093,0,6515,Unreliable
31095,0,7154,Unreliable
31097,0,5287,Unreliable
31099,0,6690,Unreliable
31101,Suppressed,8269,Suppressed
31103,0,787,Unreliable
31105,0,3315,Unreliable
31107,0,8336,Unreliable
31109,37,324756,11.39
31111,Suppressed,33685,Suppressed
31113,0,675,Unreliable
31115,0,599,Unreliable
31117,0,372,Unreliable
31119,0,35368,Unreliable
31121,Suppressed,7721,Suppressed
31123,0,4527,Unreliable
31125,0,3326,Unreliable
31127,Suppressed,7035,Suppressed
31129,0,4041,Unreliable
31131,Suppressed,16198,Suppressed
31133,0,2528,Unreliable
31135,0,2829,Unreliable
31137,Suppressed,8988,Suppressed
31139,Suppressed,7332,Suppressed
31141,Suppressed,34296,Suppressed
31143,0,5166,Unreliable
31145,0,10573,Unreliable
31147,0,7705,Unreliable
31149,0,1245,Unreliable
31151,Suppressed,14116,Suppressed
31153,20,196553,10.18
31155,0,23118,Unreliable
31157,Suppressed,35603,Suppressed
31159,0,17692,Unreliable
31161,0,4996,Unreliable
31163,Suppressed,2980,Suppressed
31165,0,1127,Unreliable
31167,Suppressed,5717,Suppressed
31169,0,4885,Unreliable
31171,0,671,Unreliable
31173,Suppressed,6507,Suppressed
31175,0,4073,Unreliable
31177,Suppressed,21167,Suppressed
31179,0,9871,Unreliable
31181,Suppressed,3336,Suppressed
31183,0,785,Unreliable
31185,Suppressed,14354,Suppressed
32001,Suppressed,25843,Suppressed
32003,668,2322985,28.76
32005,Suppressed,49628,Suppressed
32007,25,54046,46.26
32009,0,744,Unreliable
32011,0,1863,Unreliable
32013,Suppressed,17272,Suppressed
32015,Suppressed,5766,Suppressed
32017,Suppressed,4482,Suppressed
32019,20,61585,32.48
32021,0,4525,Unreliable
32023,34,54738,62.11
32027,Suppressed,6462,Suppressed
32029,Suppressed,4170,Suppressed
32031,210,496745,42.28
32033,Suppressed,8788,Suppressed
32510,15,58130,Unreliable
33001,15,64781,Unreliable
33003,18,52199,Unreliable
33005,25,77350,32.32
33007,24,31504,76.18
33009,21,91126,23.05
33011,186,426594,43.6
33013,45,156020,28.84
33015,81,319424,25.36
33017,55,132275,41.58
33019,16,43958,Unreliable
34001,196,275638,71.11
34003,163,952997,17.1
34005,138,466103,29.61
34007,329,524907,62.68
34009,53,95634,55.42
34011,83,151356,54.84
34013,422,849477,49.68
34015,115,306601,37.51
34017,181,703366,25.73
34019,16,129777,Unreliable
34021,138,380688,36.25
34023,214,861418,24.84
34025,164,644098,25.46
34027,85,511151,16.63
34029,213,655735,32.48
34031,146,513936,28.41
34033,27,65117,41.46
34035,64,346875,18.45
34037,38,146084,26.01
34039,166,569815,29.13
34041,34,110926,30.65
35001,427,672508,63.49
35003,Suppressed,3827,Suppressed
35005,34,63894,53.21
35006,12,26950,Unreliable
35007,Suppressed,12246,Suppressed
35009,19,47532,Unreliable
35011,0,1693,Unreliable
35013,64,223337,28.66
35015,23,60400,38.08
35017,12,27686,Unreliable
35019,Suppressed,4310,Suppressed
35021,0,628,Unreliable
35023,Suppressed,4003,Suppressed
35025,25,72452,34.51
35027,Suppressed,20411,Suppressed
35028,Suppressed,19187,Suppressed
35029,11,25749,Unreliable
35031,29,69830,41.53
35033,0,4169,Unreliable
35035,20,68823,29.06
35037,Suppressed,8546,Suppressed
35039,49,40048,122.35
35041,Suppressed,18934,Suppressed
35043,35,153501,22.8
35045,49,120418,40.69
35047,24,26953,89.04
35049,76,155664,48.82
35051,Suppressed,11436,Suppressed
35053,15,16115,Unreliable
35055,22,34580,63.62
35057,Suppressed,15454,Suppressed
35059,Suppressed,3980,Suppressed
35061,29,78080,37.14
36001,100,315811,31.66
36003,16,46694,Unreliable
36005,873,1379946,63.26
36007,101,197117,51.24
36009,32,76439,41.86
36011,21,74998,28
36013,63,126027,49.99
36015,38,81426,46.67
36017,19,46458,Unreliable
36019,24,78753,30.48
36021,19,61286,Unreliable
36023,12,46126,Unreliable
36025,15,44740,Unreliable
36027,134,297545,45.04
36029,358,950312,37.67
36031,10,36910,Unreliable
36033,12,46373,Unreliable
36035,20,52669,37.97
36037,17,57535,Unreliable
36039,13,48061,Unreliable
36041,Suppressed,5118,Suppressed
36043,16,59822,Unreliable
36045,23,116637,19.72
36047,745,2590516,28.76
36049,Suppressed,26699,Suppressed
36051,15,61516,Unreliable
36053,16,67097,Unreliable
36055,331,752035,44.01
36057,10,49623,Unreliable
36059,250,1383726,18.07
36061,510,1596273,31.95
36063,89,210880,42.2
36065,84,228846,36.71
36067,178,468249,38.01
36069,16,112707,Unreliable
36071,135,405941,33.26
36073,Suppressed,39318,Suppressed
36075,38,118287,32.13
36077,17,60636,Unreliable
36079,25,98045,25.5
36081,535,2278029,23.49
36083,46,159853,28.78
36085,168,491133,34.21
36087,51,339022,15.04
36089,27,107733,25.06
36091,39,238797,16.33
36093,49,160093,30.61
36095,Suppressed,30063,Suppressed
36097,Suppressed,17650,Suppressed
36099,Suppressed,32882,Suppressed
36101,29,92599,31.32
36103,549,1525465,35.99
36105,51,79658,64.02
36107,Suppressed,47772,Suppressed
36109,32,104777,30.54
36111,77,182319,42.23
36113,10,65599,Unreliable
36115,26,60841,42.73
36117,31,91125,34.02
36119,199,990427,20.09
36121,11,39666,Unreliable
36123,Suppressed,24451,Suppressed
37001,58,176353,32.89
37003,11,36512,Unreliable
37005,Suppressed,11185,Suppressed
37007,Suppressed,22202,Suppressed
37009,Suppressed,27110,Suppressed
37011,Suppressed,17571,Suppressed
37013,24,44272,54.21
37015,Suppressed,17240,Suppressed
37017,19,29446,Unreliable
37019,65,153064,42.47
37021,148,273589,54.1
37023,39,87881,44.38
37025,72,235797,30.53
37027,35,80492,43.48
37029,Suppressed,11088,Suppressed
37031,39,69380,56.21
37033,Suppressed,22614,Suppressed
37035,65,163462,39.76
37037,25,79864,31.3
37039,14,29512,Unreliable
37041,Suppressed,13940,Suppressed
37043,Suppressed,11614,Suppressed
37045,37,100670,36.75
37047,22,49885,44.1
37049,90,100874,89.22
37051,186,336699,55.24
37053,Suppressed,31015,Suppressed
37055,20,37956,52.69
37057,97,172586,56.2
37059,20,44090,45.36
37061,14,48990,Unreliable
37063,132,332680,39.68
37065,26,48301,53.83
37067,187,389157,48.05
37069,30,74539,40.25
37071,149,234215,63.62
37073,Suppressed,10383,Suppressed
37075,Suppressed,7980,Suppressed
37077,24,61903,38.77
37079,Suppressed,20211,Suppressed
37081,226,546101,41.38
37083,20,47848,41.8
37085,59,138832,42.5
37087,35,62609,55.9
37089,43,118106,36.41
37091,Suppressed,20875,Suppressed
37093,23,53787,42.76
37095,Suppressed,4576,Suppressed
37097,48,195897,24.5
37099,23,42955,53.54
37101,69,234778,29.39
37103,Suppressed,9233,Suppressed
37105,38,65476,58.04
37107,21,54633,38.44
37109,31,93095,33.3
37111,21,44753,46.92
37113,19,38065,Unreliable
37115,12,21768,Unreliable
37117,11,21508,Unreliable
37119,322,1145392,28.11
37121,Suppressed,15094,Suppressed
37123,17,25894,Unreliable
37125,50,105531,47.38
37127,40,95789,41.76
37129,92,234921,39.16
37131,Suppressed,16779,Suppressed
37133,90,207298,43.42
37135,36,150477,23.92
37137,12,12381,Unreliable
37139,14,40938,Unreliable
37141,23,65737,34.99
37143,Suppressed,13210,Suppressed
37145,10,39386,Unreliable
37147,89,173542,51.28
37149,12,19986,Unreliable
37151,112,146043,76.69
37153,37,42778,86.49
37155,113,116663,96.86
37157,68,91957,73.95
37159,106,149645,70.83
37161,46,64963,70.81
37163,16,59120,Unreliable
37165,20,34162,58.54
37167,22,64153,34.29
37169,25,45175,55.34
37171,33,71403,46.22
37173,14,13967,Unreliable
37175,Suppressed,33355,Suppressed
37177,Suppressed,3365,Suppressed
37179,52,249070,20.88
37181,21,42138,49.84
37183,239,1175021,20.34
37185,Suppressed,18713,Suppressed
37187,Suppressed,10828,Suppressed
37189,14,55089,Unreliable
37191,27,117286,23.02
37193,24,65784,36.48
37195,30,78449,38.24
37197,18,37463,Unreliable
37199,Suppressed,18811,Suppressed
38001,0,2115,Unreliable
38003,Suppressed,10758,Suppressed
38005,Suppressed,5770,Suppressed
38007,0,1018,Unreliable
38009,Suppressed,6376,Suppressed
38011,0,2894,Unreliable
38013,0,2155,Unreliable
38015,19,99280,Unreliable
38017,36,192734,18.68
38019,0,3597,Unreliable
38021,0,4923,Unreliable
38023,0,2187,Unreliable
38025,Suppressed,4015,Suppressed
38027,0,2314,Unreliable
38029,Suppressed,3250,Suppressed
38031,Suppressed,3378,Suppressed
38033,0,1744,Unreliable
38035,11,72413,Unreliable
38037,0,2243,Unreliable
38039,0,2252,Unreliable
38041,0,2406,Unreliable
38043,0,2393,Unreliable
38045,0,4098,Unreliable
38047,0,1855,Unreliable
38049,Suppressed,5189,Suppressed
38051,0,2475,Unreliable
38053,Suppressed,13908,Suppressed
38055,0,9824,Unreliable
38057,Suppressed,8333,Suppressed
38059,Suppressed,33710,Suppressed
38061,Suppressed,9290,Suppressed
38063,0,2995,Unreliable
38065,0,1856,Unreliable
38067,Suppressed,6763,Suppressed
38069,0,3942,Unreliable
38071,0,11515,Unreliable
38073,0,5640,Unreliable
38075,0,2220,Unreliable
38077,Suppressed,16580,Suppressed
38079,Suppressed,11933,Suppressed
38081,0,3795,Unreliable
38083,0,1295,Unreliable
38085,Suppressed,3711,Suppressed
38087,0,672,Unreliable
38089,Suppressed,32803,Suppressed
38091,0,1788,Unreliable
38093,Suppressed,21487,Suppressed
38095,0,2064,Unreliable
38097,Suppressed,7958,Suppressed
38099,Suppressed,10438,Suppressed
38101,14,68870,Unreliable
38103,0,3930,Unreliable
38105,Suppressed,38109,Suppressed
39001,17,27420,Unreliable
39003,49,101115,48.46
39005,13,52181,Unreliable
39007,39,97014,40.2
39009,27,58979,45.78
39011,Suppressed,45948,Suppressed
39013,29,65509,44.27
39015,24,43680,54.95
39017,209,388420,53.81
39019,Suppressed,26659,Suppressed
39021,Suppressed,38709,Suppressed
39023,72,134831,53.4
39025,75,210805,35.58
39027,20,41964,47.66
39029,32,100511,31.84
39031,Suppressed,36571,Suppressed
39033,10,41522,Unreliable
39035,583,1236041,47.17
39037,16,51529,Unreliable
39039,10,38187,Unreliable
39041,34,226296,15.02
39043,28,74501,37.58
39045,63,162898,38.67
39047,16,28839,Unreliable
39049,779,1321820,58.93
39051,11,42171,Unreliable
39053,21,29068,72.24
39055,11,95469,Unreliable
39057,48,168456,28.49
39059,18,38098,Unreliable
39061,349,825037,42.3
39063,29,74861,38.74
39065,11,30416,Unreliable
39067,Suppressed,14378,Suppressed
39069,Suppressed,27512,Suppressed
39071,21,43391,48.4
39073,17,27858,Unreliable
39075,Suppressed,44390,Suppressed
39077,18,58218,Unreliable
39079,19,32586,Unreliable
39081,45,64330,69.95
39083,11,63183,Unreliable
39085,91,231842,39.25
39087,40,56653,70.61
39089,61,181359,33.63
39091,13,46040,Unreliable
39093,134,316268,42.37
39095,230,426643,53.91
39097,13,43540,Unreliable
39099,158,225636,70.02
39101,41,64642,63.43
39103,27,183512,14.71
39105,22,21969,100.14
39107,Suppressed,42348,Suppressed
39109,24,110247,21.77
39111,Suppressed,13234,Suppressed
39113,291,533892,54.51
39115,Suppressed,13668,Suppressed
39117,10,35339,Unreliable
39119,31,86113,36
39121,Suppressed,14335,Suppressed
39123,14,39978,Unreliable
39125,Suppressed,18757,Suppressed
39127,16,35480,Unreliable
39129,31,60023,51.65
39131,21,27005,77.76
39133,40,161745,24.73
39135,17,40596,Unreliable
39137,Suppressed,34334,Suppressed
39139,67,125319,53.46
39141,63,76606,82.24
39143,23,58667,39.2
39145,88,72194,121.89
39147,18,54632,Unreliable
39149,Suppressed,47671,Suppressed
39151,145,372657,38.91
39153,249,535882,46.47
39155,124,200643,61.8
39157,24,91937,26.1
39159,11,66898,Unreliable
39161,11,28769,Unreliable
39163,20,12565,159.17
39165,49,249778,19.62
39167,26,58901,44.14
39169,34,116559,29.17
39171,Suppressed,36652,Suppressed
39173,19,131592,Unreliable
39175,Suppressed,21567,Suppressed
40001,Suppressed,19576,Suppressed
40003,0,5637,Unreliable
40005,Suppressed,14262,Suppressed
40007,0,5016,Unreliable
40009,Suppressed,22009,Suppressed
40011,Suppressed,8409,Suppressed
40013,13,48182,Unreliable
40015,Suppressed,26198,Suppressed
40017,34,169149,20.1
40019,13,48510,Unreliable
40021,20,48098,41.58
40023,Suppressed,14358,Suppressed
40025,0,2252,Unreliable
40027,50,299587,16.69
40029,Suppressed,5313,Suppressed
40031,29,123046,23.57
40033,Suppressed,5477,Suppressed
40035,Suppressed,14123,Suppressed
40037,28,72699,38.51
40039,Suppressed,27886,Suppressed
40041,10,41413,Unreliable
40043,Suppressed,4401,Suppressed
40045,0,3657,Unreliable
40047,16,61920,Unreliable
40049,Suppressed,25713,Suppressed
40051,14,56658,Unreliable
40053,Suppressed,4124,Suppressed
40055,Suppressed,5547,Suppressed
40057,Suppressed,2428,Suppressed
40059,0,3129,Unreliable
40061,Suppressed,11641,Suppressed
40063,Suppressed,13407,Suppressed
40065,Suppressed,24556,Suppressed
40067,Suppressed,5389,Suppressed
40069,Suppressed,10406,Suppressed
40071,10,43668,Unreliable
40073,Suppressed,15293,Suppressed
40075,0,8345,Unreliable
40077,0,9630,Unreliable
40079,10,48907,Unreliable
40081,13,34188,Unreliable
40083,11,51933,Unreliable
40085,Suppressed,10218,Suppressed
40087,Suppressed,45306,Suppressed
40089,Suppressed,30931,Suppressed
40091,Suppressed,19451,Suppressed
40093,0,7502,Unreliable
40095,Suppressed,15882,Suppressed
40097,Suppressed,39589,Suppressed
40099,Suppressed,13672,Suppressed
40101,24,66354,36.17
40103,Suppressed,10896,Suppressed
40105,0,9483,Unreliable
40107,Suppressed,11134,Suppressed
40109,262,802559,32.65
40111,18,36990,Unreliable
40113,14,45839,Unreliable
40115,Suppressed,30338,Suppressed
40117,10,15757,Unreliable
40119,13,82794,Unreliable
40121,17,43613,Unreliable
40123,14,38141,Unreliable
40125,27,73533,36.72
40127,Suppressed,10769,Suppressed
40129,Suppressed,3320,Suppressed
40131,24,98836,24.28
40133,Suppressed,23351,Suppressed
40135,17,39667,Unreliable
40137,13,43710,Unreliable
40139,Suppressed,20495,Suppressed
40141,Suppressed,6977,Suppressed
40143,288,677358,42.52
40145,28,86644,32.32
40147,20,53242,37.56
40149,Suppressed,10732,Suppressed
40151,Suppressed,8587,Suppressed
40153,Suppressed,19990,Suppressed
41001,Suppressed,16938,Suppressed
41003,14,97630,Unreliable
41005,88,423177,20.8
41007,18,41695,Unreliable
41009,13,53588,Unreliable
41011,25,64990,38.47
41013,Suppressed,26375,Suppressed
41015,11,23598,Unreliable
41017,31,206549,15.01
41019,42,112297,37.4
41021,0,2018,Unreliable
41023,Suppressed,7218,Suppressed
41025,Suppressed,7515,Suppressed
41027,Suppressed,24048,Suppressed
41029,80,221644,36.09
41031,Suppressed,25330,Suppressed
41033,39,87730,44.45
41035,19,70212,Unreliable
41037,Suppressed,8385,Suppressed
41039,180,382353,47.08
41041,22,50813,43.3
41043,38,130467,29.13
41045,10,31879,Unreliable
41047,86,346703,24.81
41049,Suppressed,12300,Suppressed
41051,428,795083,53.83
41053,16,89614,Unreliable
41055,0,1955,Unreliable
41057,Suppressed,27574,Suppressed
41059,26,80215,32.41
41061,Suppressed,26177,Suppressed
41063,Suppressed,7659,Suppressed
41065,13,26561,Unreliable
41067,101,600176,16.83
41069,0,1445,Unreliable
41071,26,108226,24.02
42001,10,106027,Unreliable
42003,637,1233253,51.65
42005,24,64747,37.07
42007,69,165677,41.65
42009,10,47418,Unreliable
42011,125,430449,29.04
42013,61,121032,50.4
42015,Suppressed,59866,Suppressed
42017,199,645054,30.85
42019,70,197300,35.48
42021,89,131441,67.71
42023,0,4418,Unreliable
42025,43,65460,65.69
42027,18,158425,Unreliable
42029,123,545823,22.53
42031,Suppressed,37346,Suppressed
42033,15,77904,Unreliable
42035,Suppressed,37931,Suppressed
42037,18,64926,Unreliable
42039,18,82670,Unreliable
42041,43,268579,16.01
42043,102,288800,35.32
42045,167,575182,29.03
42047,Suppressed,30477,Suppressed
42049,103,267689,38.48
42051,84,125755,66.8
42053,0,6626,Unreliable
42055,25,156902,15.93
42057,Suppressed,14533,Suppressed
42059,12,34663,Unreliable
42061,12,43281,Unreliable
42063,42,82957,50.63
42065,14,43794,Unreliable
42067,Suppressed,23339,Suppressed
42069,94,215615,43.6
42071,121,556629,21.74
42073,92,84849,108.43
42075,34,144011,23.61
42077,127,376317,33.75
42079,166,326369,50.86
42081,28,113104,24.76
42083,13,39866,Unreliable
42085,51,109220,46.69
42087,17,45988,Unreliable
42089,64,167198,38.28
42091,201,864683,23.25
42093,Suppressed,18091,Suppressed
42095,92,318526,28.88
42097,41,90133,45.49
42099,12,46114,Unreliable
42101,1273,1567258,81.22
42103,15,60558,Unreliable
42105,Suppressed,16220,Suppressed
42107,59,143104,41.23
42109,Suppressed,39652,Suppressed
42111,31,72710,42.64
42113,Suppressed,5855,Suppressed
42115,13,38074,Unreliable
42117,Suppressed,41106,Suppressed
42119,Suppressed,42744,Suppressed
42121,19,49777,Unreliable
42123,Suppressed,37808,Suppressed
42125,89,210383,42.3
42127,20,51173,39.08
42129,135,352057,38.35
42131,Suppressed,26014,Suppressed
42133,143,461058,31.02
44001,12,50360,Unreliable
44003,67,171275,39.12
44005,29,84481,34.33
44007,284,657288,43.21
44009,32,130330,24.55
45001,10,24356,Unreliable
45003,99,174150,56.85
45005,Suppressed,7579,Suppressed
45007,73,209581,34.83
45009,Suppressed,12908,Suppressed
45011,20,20414,97.97
45013,45,196371,22.92
45015,96,245117,39.16
45017,Suppressed,14179,Suppressed
45019,159,419279,37.92
45021,20,56121,35.64
45023,13,31931,Unreliable
45025,18,43683,Unreliable
45027,Suppressed,30913,Suppressed
45029,12,38599,Unreliable
45031,27,62398,43.27
45033,25,27738,90.13
45035,49,166133,29.49
45037,15,26932,Unreliable
45039,Suppressed,20455,Suppressed
45041,72,136721,52.66
45043,40,64722,61.8
45045,284,547950,51.83
45047,34,69267,49.09
45049,Suppressed,18113,Suppressed
45051,207,383101,54.03
45053,20,32039,62.42
45055,30,67751,44.28
45057,55,104577,52.59
45059,31,67965,45.61
45061,Suppressed,16153,Suppressed
45063,117,304797,38.39
45065,Suppressed,9764,Suppressed
45067,12,28450,Unreliable
45069,Suppressed,26039,Suppressed
45071,15,38247,Unreliable
45073,36,80180,44.9
45075,41,83094,49.34
45077,67,133462,50.2
45079,130,421566,30.84
45081,Suppressed,18938,Suppressed
45083,177,345831,51.18
45085,39,104012,37.5
45087,19,26752,Unreliable
45089,15,30058,Unreliable
45091,103,294248,35
46003,0,2755,Unreliable
46005,Suppressed,19376,Suppressed
46007,0,3336,Unreliable
46009,Suppressed,7062,Suppressed
46011,0,35484,Unreliable
46013,Suppressed,37972,Suppressed
46015,0,5321,Unreliable
46017,Suppressed,1861,Suppressed
46019,Suppressed,10774,Suppressed
46021,0,1349,Unreliable
46023,0,9213,Unreliable
46025,0,3912,Unreliable
46027,Suppressed,15280,Suppressed
46029,Suppressed,28721,Suppressed
46031,Suppressed,3826,Suppressed
46033,0,9006,Unreliable
46035,Suppressed,19973,Suppressed
46037,0,5479,Unreliable
46039,0,4352,Unreliable
46041,0,5140,Unreliable
46043,0,2776,Unreliable
46045,0,4065,Unreliable
46047,0,7370,Unreliable
46049,0,2126,Unreliable
46051,0,7463,Unreliable
46053,0,3962,Unreliable
46055,0,1826,Unreliable
46057,0,6352,Unreliable
46059,0,3140,Unreliable
46061,0,3461,Unreliable
46063,0,1330,Unreliable
46065,Suppressed,17692,Suppressed
46067,0,7368,Unreliable
46069,0,1184,Unreliable
46071,0,2821,Unreliable
46073,0,1650,Unreliable
46075,0,884,Unreliable
46077,0,5294,Unreliable
46079,Suppressed,10972,Suppressed
46081,Suppressed,27214,Suppressed
46083,Suppressed,70987,Suppressed
46085,0,3692,Unreliable
46087,0,5778,Unreliable
46089,0,2395,Unreliable
46091,0,4374,Unreliable
46093,Suppressed,30698,Suppressed
46095,0,1892,Unreliable
46097,0,2304,Unreliable
46099,25,203971,12.26
46101,Suppressed,6349,Suppressed
46103,21,114461,18.35
46105,0,2804,Unreliable
46107,0,2438,Unreliable
46109,Suppressed,10163,Suppressed
46111,0,2415,Unreliable
46113,Suppressed,13519,Suppressed
46115,0,6235,Unreliable
46117,0,2999,Unreliable
46119,0,1471,Unreliable
46121,0,9220,Unreliable
46123,0,5565,Unreliable
46125,Suppressed,8856,Suppressed
46127,0,17063,Unreliable
46129,0,5265,Unreliable
46135,Suppressed,23373,Suppressed
46137,0,2395,Unreliable
47001,75,78913,95.04
47003,15,51950,Unreliable
47005,Suppressed,16002,Suppressed
47007,Suppressed,14798,Suppressed
47009,76,139958,54.3
47011,42,110616,37.97
47013,45,39584,113.68
47015,Suppressed,14788,Suppressed
47017,Suppressed,28458,Suppressed
47019,34,56410,60.27
47021,43,41830,102.8
47023,Suppressed,17609,Suppressed
47025,21,32431,64.75
47027,Suppressed,7620,Suppressed
47029,31,36879,84.06
47031,25,59728,41.86
47033,Suppressed,13888,Suppressed
47035,45,63522,70.84
47037,539,708144,76.11
47039,Suppressed,11564,Suppressed
47041,10,21003,Unreliable
47043,32,55761,57.39
47045,Suppressed,36410,Suppressed
47047,15,43630,Unreliable
47049,11,19332,Unreliable
47051,12,43942,Unreliable
47053,13,50837,Unreliable
47055,11,30554,Unreliable
47057,17,24277,Unreliable
47059,38,71405,53.22
47061,Suppressed,13783,Suppressed
47063,35,65168,53.71
47065,184,374682,49.11
47067,Suppressed,6845,Suppressed
47069,Suppressed,25529,Suppressed
47071,12,27077,Unreliable
47073,25,58043,43.07
47075,Suppressed,17550,Suppressed
47077,11,27929,Unreliable
47079,Suppressed,32379,Suppressed
47081,20,25455,78.57
47083,Suppressed,8219,Suppressed
47085,10,19106,Unreliable
47087,Suppressed,11989,Suppressed
47089,33,56727,58.17
47091,14,18086,Unreliable
47093,460,494574,93.01
47095,Suppressed,6507,Suppressed
47097,12,24793,Unreliable
47099,19,45415,Unreliable
47101,Suppressed,12957,Suppressed
47103,Suppressed,36004,Suppressed
47105,25,58181,42.97
47107,27,54719,49.34
47109,Suppressed,25988,Suppressed
47111,16,26229,Unreliable
47113,33,99245,33.25
47115,19,29094,Unreliable
47117,14,35878,Unreliable
47119,39,108159,36.06
47121,10,13272,Unreliable
47123,35,47740,73.31
47125,81,235201,34.44
47127,Suppressed,6742,Suppressed
47129,12,21224,Unreliable
47131,Suppressed,30394,Suppressed
47133,Suppressed,23044,Suppressed
47135,Suppressed,8685,Suppressed
47137,Suppressed,5107,Suppressed
47139,Suppressed,17863,Suppressed
47141,29,82382,35.2
47143,24,33730,71.15
47145,59,55082,107.11
47147,36,75470,47.7
47149,130,360619,36.05
47151,Suppressed,22035,Suppressed
47153,Suppressed,16909,Suppressed
47155,70,98789,70.86
47157,585,916371,63.84
47159,13,20489,Unreliable
47161,Suppressed,14035,Suppressed
47163,77,160820,47.88
47165,61,203858,29.92
47167,26,61656,42.17
47169,Suppressed,12111,Suppressed
47171,Suppressed,17674,Suppressed
47173,17,20452,Unreliable
47175,Suppressed,6429,Suppressed
47177,21,42026,49.97
47179,68,136172,49.94
47181,Suppressed,16308,Suppressed
47183,Suppressed,33063,Suppressed
47185,18,28064,Unreliable
47187,46,260815,17.64
47189,68,158555,42.89
48001,Suppressed,58064,Suppressed
48003,Suppressed,18334,Suppressed
48005,22,87101,25.26
48007,10,24944,Unreliable
48009,0,8835,Unreliable
48011,Suppressed,1850,Suppressed
48013,Suppressed,50864,Suppressed
48015,Suppressed,31097,Suppressed
48017,Suppressed,6779,Suppressed
48019,Suppressed,22115,Suppressed
48021,13,106188,Unreliable
48023,0,3466,Unreliable
48025,Suppressed,30394,Suppressed
48027,65,388386,16.74
48029,459,2059530,22.29
48031,Suppressed,12418,Suppressed
48033,0,585,Unreliable
48035,Suppressed,18697,Suppressed
48037,19,92035,Unreliable
48039,69,388181,17.78
48041,22,242014,9.09
48043,Suppressed,9343,Suppressed
48045,0,1431,Unreliable
48047,Suppressed,6906,Suppressed
48049,Suppressed,38373,Suppressed
48051,Suppressed,18657,Suppressed
48053,11,52502,Unreliable
48055,Suppressed,47848,Suppressed
48057,Suppressed,19706,Suppressed
48059,Suppressed,14210,Suppressed
48061,32,425208,7.53
48063,Suppressed,12716,Suppressed
48065,Suppressed,5784,Suppressed
48067,Suppressed,28539,Suppressed
48069,Suppressed,7298,Suppressed
48071,Suppressed,51288,Suppressed
48073,Suppressed,51645,Suppressed
48075,Suppressed,6809,Suppressed
48077,Suppressed,10486,Suppressed
48079,0,2526,Unreliable
48081,Suppressed,3333,Suppressed
48083,Suppressed,7850,Suppressed
48085,121,1158696,10.44
48087,0,2568,Unreliable
48089,Suppressed,20754,Suppressed
48091,24,184642,13
48093,0,13878,Unreliable
48095,Suppressed,3340,Suppressed
48097,Suppressed,43050,Suppressed
48099,10,85057,Unreliable
48101,0,1307,Unreliable
48103,Suppressed,4546,Suppressed
48105,Suppressed,2943,Suppressed
48107,0,4998,Unreliable
48109,0,2155,Unreliable
48111,Suppressed,7241,Suppressed
48113,573,2600840,22.03
48115,Suppressed,12130,Suppressed
48117,Suppressed,18377,Suppressed
48119,Suppressed,5406,Suppressed
48121,111,977281,11.36
48123,Suppressed,19772,Suppressed
48125,0,1726,Unreliable
48127,Suppressed,8387,Suppressed
48129,0,3339,Unreliable
48131,Suppressed,9888,Suppressed
48133,Suppressed,17944,Suppressed
48135,35,160869,21.76
48137,0,1422,Unreliable
48139,26,212182,12.25
48141,149,868763,17.15
48143,Suppressed,43895,Suppressed
48145,Suppressed,17049,Suppressed
48147,Suppressed,37125,Suppressed
48149,Suppressed,24913,Suppressed
48151,Suppressed,3622,Suppressed
48153,0,5235,Unreliable
48155,0,1057,Unreliable
48157,111,889146,12.48
48159,Suppressed,10618,Suppressed
48161,Suppressed,19950,Suppressed
48163,Suppressed,17815,Suppressed
48165,Suppressed,22181,Suppressed
48167,87,357117,24.36
48169,Suppressed,6262,Suppressed
48171,Suppressed,27477,Suppressed
48173,0,1164,Unreliable
48175,0,7131,Unreliable
48177,Suppressed,19832,Suppressed
48179,Suppressed,21015,Suppressed
48181,25,143131,17.47
48183,Suppressed,125443,Suppressed
48185,Suppressed,30754,Suppressed
48187,16,182760,Unreliable
48189,Suppressed,31827,Suppressed
48191,0,2810,Unreliable
48193,Suppressed,8298,Suppressed
48195,0,5151,Unreliable
48197,0,3516,Unreliable
48199,Suppressed,57811,Suppressed
48201,1085,4780913,22.69
48203,11,69955,Unreliable
48205,Suppressed,5208,Suppressed
48207,0,5403,Unreliable
48209,35,269225,13
48211,Suppressed,3217,Suppressed
48213,15,84511,Unreliable
48215,49,888367,5.52
48217,Suppressed,37329,Suppressed
48219,Suppressed,21161,Suppressed
48221,12,66373,Unreliable
48223,Suppressed,37804,Suppressed
48225,Suppressed,21950,Suppressed
48227,Suppressed,33672,Suppressed
48229,Suppressed,3432,Suppressed
48231,25,108282,23.09
48233,Suppressed,20215,Suppressed
48235,0,1530,Unreliable
48237,Suppressed,8922,Suppressed
48239,Suppressed,15142,Suppressed
48241,Suppressed,32484,Suppressed
48243,0,1903,Unreliable
48245,65,250830,25.91
48247,Suppressed,4763,Suppressed
48249,12,38826,Unreliable
48251,32,195506,16.37
48253,Suppressed,19935,Suppressed
48255,Suppressed,14836,Suppressed
48257,25,172366,14.5
48259,Suppressed,48973,Suppressed
48261,0,358,Unreliable
48263,0,740,Unreliable
48265,Suppressed,53741,Suppressed
48267,0,4422,Unreliable
48269,0,233,Unreliable
48271,0,3128,Unreliable
48273,Suppressed,30362,Suppressed
48275,0,3273,Unreliable
48277,Suppressed,50484,Suppressed
48279,Suppressed,12724,Suppressed
48281,Suppressed,22785,Suppressed
48283,Suppressed,6604,Suppressed
48285,0,20589,Unreliable
48287,Suppressed,17954,Suppressed
48289,Suppressed,16209,Suppressed
48291,25,101992,24.51
48293,Suppressed,22253,Suppressed
48295,Suppressed,2854,Suppressed
48297,Suppressed,11428,Suppressed
48299,Suppressed,22540,Suppressed
48301,0,51,Unreliable
48303,50,317561,15.75
48305,0,5724,Unreliable
48307,0,7497,Unreliable
48309,28,266836,10.49
48311,0,576,Unreliable
48313,Suppressed,13661,Suppressed
48315,Suppressed,9560,Suppressed
48317,0,5217,Unreliable
48319,Suppressed,3982,Suppressed
48321,Suppressed,36125,Suppressed
48323,Suppressed,57843,Suppressed
48325,Suppressed,53723,Suppressed
48327,0,1968,Unreliable
48329,27,171999,15.7
48331,Suppressed,25628,Suppressed
48333,0,4500,Unreliable
48335,Suppressed,8943,Suppressed
48337,0,21063,Unreliable
48339,135,678490,19.9
48341,Suppressed,20996,Suppressed
48343,Suppressed,12083,Suppressed
48345,0,1032,Unreliable
48347,Suppressed,64862,Suppressed
48349,Suppressed,54636,Suppressed
48351,Suppressed,12052,Suppressed
48353,Suppressed,14473,Suppressed
48355,92,351674,26.16
48357,Suppressed,9606,Suppressed
48359,Suppressed,1752,Suppressed
48361,31,84934,36.5
48363,10,29239,Unreliable
48365,Suppressed,22677,Suppressed
48367,30,165834,18.09
48369,0,9620,Unreliable
48371,Suppressed,14735,Suppressed
48373,10,53255,Unreliable
48375,25,115645,21.62
48377,0,5939,Unreliable
48379,Suppressed,12823,Suppressed
48381,29,146140,19.84
48383,0,3135,Unreliable
48385,0,2840,Unreliable
48387,Suppressed,11542,Suppressed
48389,Suppressed,12905,Suppressed
48391,Suppressed,6632,Suppressed
48393,0,803,Unreliable
48395,Suppressed,17153,Suppressed
48397,24,123208,19.48
48399,Suppressed,9859,Suppressed
48401,Suppressed,53333,Suppressed
48403,0,10048,Unreliable
48405,Suppressed,7857,Suppressed
48407,Suppressed,28348,Suppressed
48409,15,69954,Unreliable
48411,Suppressed,5824,Suppressed
48413,0,2357,Unreliable
48415,Suppressed,16686,Suppressed
48417,Suppressed,3186,Suppressed
48419,Suppressed,24008,Suppressed
48421,0,2799,Unreliable
48423,30,241922,12.4
48425,Suppressed,9757,Suppressed
48427,Suppressed,65728,Suppressed
48429,Suppressed,9390,Suppressed
48431,0,1417,Unreliable
48433,0,1182,Unreliable
48435,0,3217,Unreliable
48437,Suppressed,6881,Suppressed
48439,436,2154595,20.24
48441,30,145163,20.67
48443,0,693,Unreliable
48445,Suppressed,11567,Suppressed
48447,0,1550,Unreliable
48449,Suppressed,31208,Suppressed
48451,12,118892,Unreliable
48453,338,1326436,25.48
48455,Suppressed,13996,Suppressed
48457,Suppressed,20030,Suppressed
48459,Suppressed,42488,Suppressed
48461,Suppressed,3152,Suppressed
48463,Suppressed,24940,Suppressed
48465,Suppressed,47606,Suppressed
48467,Suppressed,62859,Suppressed
48469,19,91065,Unreliable
48471,12,78870,Unreliable
48473,10,61894,Unreliable
48475,0,10964,Unreliable
48477,Suppressed,36159,Suppressed
48479,55,267780,20.54
48481,Suppressed,41824,Suppressed
48483,Suppressed,4807,Suppressed
48485,39,129978,30.01
48487,0,12491,Unreliable
48489,Suppressed,20143,Suppressed
48491,89,671418,13.26
48493,Suppressed,52735,Suppressed
48495,Suppressed,7306,Suppressed
48497,Suppressed,74895,Suppressed
48499,10,46857,Unreliable
48501,Suppressed,7451,Suppressed
48503,Suppressed,17962,Suppressed
48505,Suppressed,13849,Suppressed
48507,Suppressed,9377,Suppressed
49001,Suppressed,7327,Suppressed
49003,15,61498,Unreliable
49005,14,140173,Unreliable
49007,Suppressed,20571,Suppressed
49009,0,1014,Unreliable
49011,71,369948,19.19
49013,Suppressed,20161,Suppressed
49015,Suppressed,10099,Suppressed
49017,Suppressed,5281,Suppressed
49019,Suppressed,9769,Suppressed
49021,13,62429,Unreliable
49023,Suppressed,12567,Suppressed
49025,Suppressed,8227,Suppressed
49027,0,13330,Unreliable
49029,0,12832,Unreliable
49031,Suppressed,1487,Suppressed
49033,0,2628,Unreliable
49035,270,1186257,22.76
49037,Suppressed,14359,Suppressed
49039,Suppressed,29724,Suppressed
49041,Suppressed,22069,Suppressed
49043,Suppressed,43036,Suppressed
49045,11,79934,Unreliable
49047,Suppressed,37141,Suppressed
49049,71,702434,10.11
49051,Suppressed,36619,Suppressed
49053,34,197680,17.2
49055,0,2645,Unreliable
49057,71,269561,26.34
50001,Suppressed,37578,Suppressed
50003,20,37392,53.49
50005,12,30579,Unreliable
50007,57,169301,33.67
50009,Suppressed,5994,Suppressed
50011,20,50731,39.42
50013,Suppressed,7489,Suppressed
50015,10,26090,Unreliable
50017,11,29846,Unreliable
50019,12,27666,Unreliable
50021,37,60366,61.29
50023,16,60048,Unreliable
50025,31,45842,67.62
50027,35,58142,60.2
51001,Suppressed,33191,Suppressed
51003,20,114534,17.46
51005,Suppressed,14835,Suppressed
51007,Suppressed,13455,Suppressed
51009,Suppressed,31589,Suppressed
51011,Suppressed,16748,Suppressed
51013,24,234000,10.26
51015,10,78064,Unreliable
51017,0,4049,Unreliable
51019,30,80848,37.11
51021,Suppressed,6148,Suppressed
51023,10,34135,Unreliable
51025,10,15921,Unreliable
51027,22,19352,113.68
51029,Suppressed,16982,Suppressed
51031,10,55141,Unreliable
51033,Suppressed,31957,Suppressed
51035,Suppressed,29147,Suppressed
51036,Suppressed,6605,Suppressed
51037,Suppressed,11475,Suppressed
51041,96,378408,25.37
51043,Suppressed,15266,Suppressed
51045,Suppressed,4847,Suppressed
51047,18,54381,Unreliable
51049,Suppressed,9746,Suppressed
51051,13,13725,Unreliable
51053,Suppressed,28161,Suppressed
51057,Suppressed,10630,Suppressed
51059,116,1138331,10.19
51061,19,74664,Unreliable
51063,Suppressed,15619,Suppressed
51065,Suppressed,28159,Suppressed
51067,17,55074,Unreliable
51069,17,95051,Unreliable
51071,Suppressed,16453,Suppressed
51073,14,39493,Unreliable
51075,Suppressed,26109,Suppressed
51077,Suppressed,15343,Suppressed
51079,Suppressed,21107,Suppressed
51081,Suppressed,11226,Suppressed
51083,20,33644,59.45
51085,34,112938,30.11
51087,120,333962,35.93
51089,42,49906,84.16
51091,0,2301,Unreliable
51093,15,40151,Unreliable
51095,13,81199,Unreliable
51097,Suppressed,6718,Suppressed
51099,Suppressed,27856,Suppressed
51101,Suppressed,18492,Suppressed
51103,Suppressed,10750,Suppressed
51105,Suppressed,21982,Suppressed
51107,29,432085,6.71
51109,14,40116,Unreliable
51111,Suppressed,12031,Suppressed
51113,Suppressed,14000,Suppressed
51115,Suppressed,8490,Suppressed
51117,Suppressed,30508,Suppressed
51119,Suppressed,10943,Suppressed
51121,19,98915,Unreliable
51125,Suppressed,14652,Suppressed
51127,Suppressed,24986,Suppressed
51131,Suppressed,11900,Suppressed
51133,Suppressed,12302,Suppressed
51135,Suppressed,15559,Suppressed
51137,18,37991,Unreliable
51139,Suppressed,23750,Suppressed
51141,Suppressed,17643,Suppressed
51143,17,59952,Unreliable
51145,Suppressed,31489,Suppressed
51147,Suppressed,21927,Suppressed
51149,Suppressed,43134,Suppressed
51153,77,486943,15.81
51155,Suppressed,33706,Suppressed
51157,Suppressed,7502,Suppressed
51159,Suppressed,9080,Suppressed
51161,24,96914,24.76
51163,Suppressed,22593,Suppressed
51165,13,85397,Unreliable
51167,Suppressed,25448,Suppressed
51169,Suppressed,21476,Suppressed
51171,12,44968,Unreliable
51173,13,29449,Unreliable
51175,Suppressed,17932,Suppressed
51177,53,146688,36.13
51179,38,163380,23.26
51181,Suppressed,6527,Suppressed
51183,Suppressed,10680,Suppressed
51185,23,39821,57.76
51187,18,41440,Unreliable
51191,17,53958,Unreliable
51193,Suppressed,18712,Suppressed
51195,Suppressed,35421,Suppressed
51197,Suppressed,28111,Suppressed
51199,Suppressed,71341,Suppressed
51510,19,155525,Unreliable
51520,Suppressed,16975,Suppressed
51530,Suppressed,6591,Suppressed
51540,16,45373,Unreliable
51550,69,252488,27.33
51570,10,18294,Unreliable
51580,Suppressed,5679,Suppressed
51590,14,42229,Unreliable
51595,Suppressed,5481,Suppressed
51600,Suppressed,24835,Suppressed
51610,Suppressed,14586,Suppressed
51620,Suppressed,8247,Suppressed
51630,13,28757,Unreliable
51640,Suppressed,6730,Suppressed
51650,45,138037,32.6
51660,Suppressed,51158,Suppressed
51670,28,22962,121.94
51678,0,7457,Unreliable
51680,29,79287,36.58
51683,14,42642,Unreliable
51685,Suppressed,16703,Suppressed
51690,10,13725,Unreliable
51700,69,184306,37.44
51710,117,232995,50.22
51720,Suppressed,3609,Suppressed
51730,33,33394,98.82
51735,Suppressed,12582,Suppressed
51740,92,97029,94.82
51750,Suppressed,16738,Suppressed
51760,219,229395,95.47
51770,112,97847,114.46
51775,18,25523,Unreliable
51790,Suppressed,25904,Suppressed
51800,28,98537,28.42
51810,117,455618,25.68
51820,10,22808,Unreliable
51830,Suppressed,15909,Suppressed
51840,Suppressed,27936,Suppressed
53001,Suppressed,20961,Suppressed
53003,Suppressed,22508,Suppressed
53005,42,212791,19.74
53007,28,79926,35.03
53009,30,77805,38.56
53011,130,516779,25.16
53013,0,4026,Unreliable
53015,39,111956,34.84
53017,Suppressed,44192,Suppressed
53019,Suppressed,7448,Suppressed
53021,24,98678,24.32
53023,0,2363,Unreliable
53025,36,101311,35.53
53027,46,77038,59.71
53029,13,86625,Unreliable
53031,Suppressed,33589,Suppressed
53033,915,2266789,40.37
53035,75,277673,27.01
53037,Suppressed,45189,Suppressed
53039,Suppressed,23271,Suppressed
53041,40,85370,46.85
53043,Suppressed,11601,Suppressed
53045,38,68166,55.75
53047,20,43127,46.37
53049,Suppressed,24113,Suppressed
53051,Suppressed,14179,Suppressed
53053,350,927380,37.74
53055,Suppressed,18662,Suppressed
53057,39,131179,29.73
53059,Suppressed,12460,Suppressed
53061,268,840079,31.9
53063,216,549690,39.29
53065,Suppressed,48229,Suppressed
53067,128,298758,42.84
53069,0,4688,Unreliable
53071,19,61890,Unreliable
53073,74,230677,32.08
53075,Suppressed,47619,Suppressed
53077,81,257001,31.52
54001,Suppressed,15414,Suppressed
54003,92,129490,71.05
54005,25,20968,119.23
54007,Suppressed,12185,Suppressed
54009,16,21733,Unreliable
54011,120,92730,129.41
54013,Suppressed,6068,Suppressed
54015,Suppressed,7814,Suppressed
54017,Suppressed,7698,Suppressed
54019,48,39487,121.56
54021,Suppressed,7325,Suppressed
54023,Suppressed,10968,Suppressed
54025,27,32435,83.24
54027,11,23468,Unreliable
54029,18,28172,Unreliable
54031,Suppressed,14192,Suppressed
54033,48,64915,73.94
54035,23,27716,82.98
54037,35,58979,59.34
54039,175,175515,99.71
54041,Suppressed,16767,Suppressed
54043,20,19901,100.5
54045,44,31316,140.5
54047,28,17850,156.86
54049,34,55952,60.77
54051,Suppressed,29752,Suppressed
54053,19,25000,Unreliable
54055,56,58700,95.4
54057,17,26855,Unreliable
54059,27,22573,119.61
54061,46,106869,43.04
54063,Suppressed,12296,Suppressed
54065,Suppressed,17430,Suppressed
54067,18,24335,Unreliable
54069,25,41447,60.32
54071,Suppressed,6011,Suppressed
54073,Suppressed,7586,Suppressed
54075,Suppressed,7819,Suppressed
54077,Suppressed,34172,Suppressed
54079,28,57015,49.11
54081,94,72882,128.98
54083,Suppressed,27600,Suppressed
54085,0,8207,Unreliable
54087,Suppressed,13834,Suppressed
54089,Suppressed,11762,Suppressed
54091,Suppressed,16342,Suppressed
54093,Suppressed,6568,Suppressed
54095,Suppressed,8183,Suppressed
54097,Suppressed,23712,Suppressed
54099,33,37998,86.85
54101,Suppressed,8167,Suppressed
54103,12,14025,Unreliable
54105,Suppressed,5091,Suppressed
54107,45,83340,54
54109,26,20527,126.66
55001,Suppressed,21226,Suppressed
55003,11,16039,Unreliable
55005,Suppressed,46843,Suppressed
55007,Suppressed,16608,Suppressed
55009,67,270036,24.81
55011,Suppressed,13391,Suppressed
55013,Suppressed,17036,Suppressed
55015,Suppressed,52718,Suppressed
55017,13,66807,Unreliable
55019,Suppressed,34691,Suppressed
55021,20,58193,34.37
55023,Suppressed,16007,Suppressed
55025,145,568203,25.52
55027,29,88282,32.85
55029,Suppressed,30526,Suppressed
55031,16,44144,Unreliable
55033,Suppressed,45651,Suppressed
55035,20,106837,18.72
55037,Suppressed,4688,Suppressed
55039,28,103836,26.97
55041,Suppressed,9381,Suppressed
55043,Suppressed,51276,Suppressed
55045,Suppressed,36816,Suppressed
55047,Suppressed,19220,Suppressed
55049,Suppressed,23865,Suppressed
55051,Suppressed,6224,Suppressed
55053,Suppressed,20836,Suppressed
55055,17,85784,Unreliable
55057,Suppressed,26866,Suppressed
55059,54,167817,32.18
55061,Suppressed,20623,Suppressed
55063,33,120294,27.43
55065,Suppressed,16877,Suppressed
55067,Suppressed,19559,Suppressed
55069,Suppressed,28376,Suppressed
55071,24,81172,29.57
55073,31,137958,22.47
55075,Suppressed,41988,Suppressed
55077,Suppressed,15779,Suppressed
55078,10,4197,Unreliable
55079,646,918661,70.32
55081,16,46109,Unreliable
55083,Suppressed,39633,Suppressed
55085,Suppressed,38212,Suppressed
55087,29,192127,15.09
55089,10,93009,Unreliable
55091,0,7410,Unreliable
55093,Suppressed,42532,Suppressed
55095,Suppressed,45709,Suppressed
55097,Suppressed,70718,Suppressed
55099,0,14179,Unreliable
55101,50,195846,25.53
55103,Suppressed,17090,Suppressed
55105,76,164060,46.32
55107,Suppressed,14186,Suppressed
55109,13,96017,Unreliable
55111,18,65777,Unreliable
55113,11,18559,Unreliable
55115,Suppressed,40886,Suppressed
55117,35,117841,29.7
55119,Suppressed,19975,Suppressed
55121,Suppressed,30899,Suppressed
55123,Suppressed,31060,Suppressed
55125,Suppressed,23763,Suppressed
55127,19,105380,Unreliable
55129,Suppressed,16911,Suppressed
55131,33,137688,23.97
55133,72,410434,17.54
55135,Suppressed,51488,Suppressed
55137,Suppressed,24999,Suppressed
55139,37,170718,21.67
55141,16,73993,Unreliable
56001,Suppressed,38031,Suppressed
56003,Suppressed,11855,Suppressed
56005,10,47058,Unreliable
56007,Suppressed,14542,Suppressed
56009,Suppressed,13786,Suppressed
56011,Suppressed,7448,Suppressed
56013,Suppressed,39472,Suppressed
56015,Suppressed,12562,Suppressed
56017,Suppressed,4588,Suppressed
56019,0,8730,Unreliable
56021,24,100723,23.83
56023,Suppressed,20660,Suppressed
56025,17,79601,Unreliable
56027,0,2380,Unreliable
56029,Suppressed,30518,Suppressed
56031,0,8645,Unreliable
56033,Suppressed,32096,Suppressed
56035,Suppressed,8763,Suppressed
56037,18,41345,Unreliable
56039,0,23287,Unreliable
56041,Suppressed,20712,Suppressed
56043,Suppressed,7719,Suppressed
56045,0,6860,Unreliable